day,week,featured_app,channel_focus,post_goal,copy_source,visual_asset,asset_used,cta_text,public_url,dm_keyword,approval_status,approval_label,suggested_caption_angle,secondary_channels,proof_boundary,posted,posted_url,replies,leads,next_follow_up,winning_angle
1,1,MetrAIyux 0S,LinkedIn,Introduce the lane and make the offer obvious.,platform-app-campaign-pack.md,assets/social/generated/platforms/metraiyux-0s.svg,assets/social/generated/platforms/metraiyux-0s.png,"DM me ""MetrAIyux 0S"" for the public walkthrough; do not post gated/internal 0S routes.",,MetrAIyux 0S,dm_walkthrough,DM walkthrough CTA,"MetrAIyux 0S: Core operating system. Built for founders, operators, small businesses.",Instagram/Facebook + X thread,"Do not post credentials, signed owner URLs, raw receipts, private proof routes, unapproved client/endorsement claims, or unverified metrics.",false,,0,0,,
2,1,DevodeRator,Instagram/Facebook,Show the proof boundary and why the route exists.,platform-app-campaign-pack.md,assets/social/generated/platforms/devooderator.svg,assets/social/generated/platforms/devooderator.png,Open https://devooderator.pages.dev/,https://devooderator.pages.dev/,,public_url,Public URL available,"DevodeRator: Founder proof journal. Built for builders, clients, followers, investors.",LinkedIn + X thread,"Do not post credentials, signed owner URLs, raw receipts, private proof routes, unapproved client/endorsement claims, or unverified metrics.",false,,0,0,,
3,1,SkyeVault Pro,X thread,Ask a discussion question tied to the audience pain.,platform-app-campaign-pack.md,assets/social/generated/platforms/skyevault-pro.svg,assets/social/generated/platforms/skyevault-pro.png,"DM me ""SkyeVault Pro"" for the public walkthrough; do not post gated/internal 0S routes.",,SkyeVault Pro,dm_walkthrough,DM walkthrough CTA,SkyeVault Pro: Source custody and recovery. Built for builders and business owners with fragile workspaces.,LinkedIn + Instagram/Facebook,"Do not post credentials, signed owner URLs, raw receipts, private proof routes, unapproved client/endorsement claims, or unverified metrics.",false,,0,0,,
4,1,SkyeVault Drop,Reddit/community,Pair the visual card with a short founder caption.,platform-app-campaign-pack.md,assets/social/generated/platforms/skyevault-drop.svg,assets/social/generated/platforms/skyevault-drop.png,Open https://skyevault-drop.graylondonskyes.workers.dev/,https://skyevault-drop.graylondonskyes.workers.dev/,,public_url,Public URL available,SkyeVault Drop: Repo rescue and vault intake. Built for developers and operators who need a safer rescue path.,LinkedIn + Instagram/Facebook,"Do not post credentials, signed owner URLs, raw receipts, private proof routes, unapproved client/endorsement claims, or unverified metrics.",false,,0,0,,
5,1,Free99,Facebook group,Repost the strongest CTA with a client/use-case angle.,platform-app-campaign-pack.md,assets/social/generated/platforms/free99.svg,assets/social/generated/platforms/free99.png,"DM me ""Free99"" for the public walkthrough; do not post gated/internal 0S routes.",,Free99,dm_walkthrough,DM walkthrough CTA,"Free99: Free entry platform layer. Built for new users, small businesses, operators.",LinkedIn + Instagram/Facebook,"Do not post credentials, signed owner URLs, raw receipts, private proof routes, unapproved client/endorsement claims, or unverified metrics.",false,,0,0,,
6,2,SkyGate FS27,LinkedIn,Introduce the lane and make the offer obvious.,platform-app-campaign-pack.md,assets/social/generated/platforms/skygate-fs27.svg,assets/social/generated/platforms/skygate-fs27.png,"DM me ""SkyGate FS27"" for the public walkthrough; do not post gated/internal 0S routes.",,SkyGate FS27,dm_walkthrough,DM walkthrough CTA,SkyGate FS27: Shared owner gate. Built for owners and gated platform users.,Instagram/Facebook + X thread,"Do not post credentials, signed owner URLs, raw receipts, private proof routes, unapproved client/endorsement claims, or unverified metrics.",false,,0,0,,
7,2,SkyePay,Instagram/Facebook,Show the proof boundary and why the route exists.,platform-app-campaign-pack.md,assets/social/generated/platforms/skyepay.svg,assets/social/generated/platforms/skyepay.png,"DM me ""SkyePay"" for the public walkthrough; do not post gated/internal 0S routes.",,SkyePay,dm_walkthrough,DM walkthrough CTA,"SkyePay: Payment and offer handoff. Built for buyers, clients, service businesses.",LinkedIn + X thread,"Do not post credentials, signed owner URLs, raw receipts, private proof routes, unapproved client/endorsement claims, or unverified metrics.",false,,0,0,,
8,2,SkyeMusicNexus,X thread,Ask a discussion question tied to the audience pain.,platform-app-campaign-pack.md,assets/social/generated/platforms/skyemusicnexus.svg,assets/social/generated/platforms/skyemusicnexus.png,"DM me ""SkyeMusicNexus"" for the public walkthrough; do not post gated/internal 0S routes.",,SkyeMusicNexus,dm_walkthrough,DM walkthrough CTA,"SkyeMusicNexus: Artist business engine. Built for artists, labels, managers, fans.",LinkedIn + Instagram/Facebook,"Do not post credentials, signed owner URLs, raw receipts, private proof routes, unapproved client/endorsement claims, or unverified metrics.",false,,0,0,,
9,2,SovereignDocs,Reddit/community,Pair the visual card with a short founder caption.,platform-app-campaign-pack.md,assets/social/generated/platforms/sovereigndocs.svg,assets/social/generated/platforms/sovereigndocs.png,"DM me ""SovereignDocs"" for the public walkthrough; do not post gated/internal 0S routes.",,SovereignDocs,dm_walkthrough,DM walkthrough CTA,"SovereignDocs: Official-source document workflows. Built for founders, households, teams, agencies.",LinkedIn + Instagram/Facebook,"Do not post credentials, signed owner URLs, raw receipts, private proof routes, unapproved client/endorsement claims, or unverified metrics.",false,,0,0,,
10,2,SkyeDocxMax,Facebook group,Repost the strongest CTA with a client/use-case angle.,platform-app-campaign-pack.md,assets/social/generated/platforms/skyedocxmax.svg,assets/social/generated/platforms/skyedocxmax.png,"DM me ""SkyeDocxMax"" for the public walkthrough; do not post gated/internal 0S routes.",,SkyeDocxMax,dm_walkthrough,DM walkthrough CTA,"SkyeDocxMax: Document editor and packet builder. Built for operators, agencies, document-heavy businesses.",LinkedIn + Instagram/Facebook,"Do not post credentials, signed owner URLs, raw receipts, private proof routes, unapproved client/endorsement claims, or unverified metrics.",false,,0,0,,
11,3,SkyeWebCreatorMax,LinkedIn,Introduce the lane and make the offer obvious.,platform-app-campaign-pack.md,assets/social/generated/platforms/skyewebcreatormax.svg,assets/social/generated/platforms/skyewebcreatormax.png,"DM me ""SkyeWebCreatorMax"" for the public walkthrough; do not post gated/internal 0S routes.",,SkyeWebCreatorMax,dm_walkthrough,DM walkthrough CTA,SkyeWebCreatorMax: Website builder lane. Built for small businesses and fast-moving founders.,Instagram/Facebook + X thread,"Do not post credentials, signed owner URLs, raw receipts, private proof routes, unapproved client/endorsement claims, or unverified metrics.",false,,0,0,,
12,3,WebGrowthOperator,Instagram/Facebook,Show the proof boundary and why the route exists.,platform-app-campaign-pack.md,assets/social/generated/platforms/webgrowthoperator.svg,assets/social/generated/platforms/webgrowthoperator.png,"DM me ""WebGrowthOperator"" for the public walkthrough; do not post gated/internal 0S routes.",,WebGrowthOperator,dm_walkthrough,DM walkthrough CTA,WebGrowthOperator: Growth service operator. Built for service businesses that need leads and proof.,LinkedIn + X thread,"Do not post credentials, signed owner URLs, raw receipts, private proof routes, unapproved client/endorsement claims, or unverified metrics.",false,,0,0,,
13,3,BusinessLaunchGo,X thread,Ask a discussion question tied to the audience pain.,platform-app-campaign-pack.md,assets/social/generated/platforms/businesslaunchgo.svg,assets/social/generated/platforms/businesslaunchgo.png,"DM me ""BusinessLaunchGo"" for the public walkthrough; do not post gated/internal 0S routes.",,BusinessLaunchGo,dm_walkthrough,DM walkthrough CTA,BusinessLaunchGo: First-dollar launch kit. Built for new businesses and founders with a practical offer.,LinkedIn + Instagram/Facebook,"Do not post credentials, signed owner URLs, raw receipts, private proof routes, unapproved client/endorsement claims, or unverified metrics.",false,,0,0,,
14,3,BrandID Offline PWA,Reddit/community,Pair the visual card with a short founder caption.,platform-app-campaign-pack.md,assets/social/generated/platforms/brandid-offline-pwa.svg,assets/social/generated/platforms/brandid-offline-pwa.png,"DM me ""BrandID Offline PWA"" for the public walkthrough; do not post gated/internal 0S routes.",,BrandID Offline PWA,dm_walkthrough,DM walkthrough CTA,BrandID Offline PWA: Brand identity starter. Built for small brands and solo founders.,LinkedIn + Instagram/Facebook,"Do not post credentials, signed owner URLs, raw receipts, private proof routes, unapproved client/endorsement claims, or unverified metrics.",false,,0,0,,
15,3,BrandForge,Facebook group,Repost the strongest CTA with a client/use-case angle.,platform-app-campaign-pack.md,assets/social/generated/platforms/brandforge.svg,assets/social/generated/platforms/brandforge.png,"DM me ""BrandForge"" for the public walkthrough; do not post gated/internal 0S routes.",,BrandForge,dm_walkthrough,DM walkthrough CTA,BrandForge: Brand build surface. Built for founders who need a sharper identity.,LinkedIn + Instagram/Facebook,"Do not post credentials, signed owner URLs, raw receipts, private proof routes, unapproved client/endorsement claims, or unverified metrics.",false,,0,0,,
16,4,kAIxU Brand Kit,LinkedIn,Introduce the lane and make the offer obvious.,platform-app-campaign-pack.md,assets/social/generated/platforms/kaixu-brand-kit.svg,assets/social/generated/platforms/kaixu-brand-kit.png,"DM me ""kAIxU Brand Kit"" for the public walkthrough; do not post gated/internal 0S routes.",,kAIxU Brand Kit,dm_walkthrough,DM walkthrough CTA,kAIxU Brand Kit: Founder brand kit. Built for personal brands and service operators.,Instagram/Facebook + X thread,"Do not post credentials, signed owner URLs, raw receipts, private proof routes, unapproved client/endorsement claims, or unverified metrics.",false,,0,0,,
17,4,AE-FlowPro,Instagram/Facebook,Show the proof boundary and why the route exists.,platform-app-campaign-pack.md,assets/social/generated/platforms/ae-flowpro.svg,assets/social/generated/platforms/ae-flowpro.png,"DM me ""AE-FlowPro"" for the public walkthrough; do not post gated/internal 0S routes.",,AE-FlowPro,dm_walkthrough,DM walkthrough CTA,AE-FlowPro: AE handoff workflow. Built for sales teams and account executives.,LinkedIn + X thread,"Do not post credentials, signed owner URLs, raw receipts, private proof routes, unapproved client/endorsement claims, or unverified metrics.",false,,0,0,,
18,4,SkyeRouteX Workforce Command,X thread,Ask a discussion question tied to the audience pain.,platform-app-campaign-pack.md,assets/social/generated/platforms/skyeroutex-workforce-command.svg,assets/social/generated/platforms/skyeroutex-workforce-command.png,"DM me ""SkyeRouteX Workforce Command"" for the public walkthrough; do not post gated/internal 0S routes.",,SkyeRouteX Workforce Command,dm_walkthrough,DM walkthrough CTA,"SkyeRouteX Workforce Command: Workforce and dispatch platform. Built for field teams, contractors, coordinators.",LinkedIn + Instagram/Facebook,"Do not post credentials, signed owner URLs, raw receipts, private proof routes, unapproved client/endorsement claims, or unverified metrics.",false,,0,0,,
19,4,SkyeSplitEngine,Reddit/community,Pair the visual card with a short founder caption.,platform-app-campaign-pack.md,assets/social/generated/platforms/skyesplitengine.svg,assets/social/generated/platforms/skyesplitengine.png,"DM me ""SkyeSplitEngine"" for the public walkthrough; do not post gated/internal 0S routes.",,SkyeSplitEngine,dm_walkthrough,DM walkthrough CTA,"SkyeSplitEngine: Split and payout logic. Built for artists, partners, service teams.",LinkedIn + Instagram/Facebook,"Do not post credentials, signed owner URLs, raw receipts, private proof routes, unapproved client/endorsement claims, or unverified metrics.",false,,0,0,,
20,4,SkyeProfitConsole,Facebook group,Repost the strongest CTA with a client/use-case angle.,platform-app-campaign-pack.md,assets/social/generated/platforms/skyeprofitconsole.svg,assets/social/generated/platforms/skyeprofitconsole.png,"DM me ""SkyeProfitConsole"" for the public walkthrough; do not post gated/internal 0S routes.",,SkyeProfitConsole,dm_walkthrough,DM walkthrough CTA,SkyeProfitConsole: Profit command dashboard. Built for founders tracking offers and revenue logic.,LinkedIn + Instagram/Facebook,"Do not post credentials, signed owner URLs, raw receipts, private proof routes, unapproved client/endorsement claims, or unverified metrics.",false,,0,0,,
21,5,SkyeCommerce,LinkedIn,Introduce the lane and make the offer obvious.,platform-app-campaign-pack.md,assets/social/generated/platforms/skyecommerce.svg,assets/social/generated/platforms/skyecommerce.png,"DM me ""SkyeCommerce"" for the public walkthrough; do not post gated/internal 0S routes.",,SkyeCommerce,dm_walkthrough,DM walkthrough CTA,"SkyeCommerce: Commerce runtime. Built for shops, creators, productized services.",Instagram/Facebook + X thread,"Do not post credentials, signed owner URLs, raw receipts, private proof routes, unapproved client/endorsement claims, or unverified metrics.",false,,0,0,,
22,5,SkyeMail,Instagram/Facebook,Show the proof boundary and why the route exists.,platform-app-campaign-pack.md,assets/social/generated/platforms/skyemail.svg,assets/social/generated/platforms/skyemail.png,"DM me ""SkyeMail"" for the public walkthrough; do not post gated/internal 0S routes.",,SkyeMail,dm_walkthrough,DM walkthrough CTA,SkyeMail: Mail and workspace handoff. Built for teams and service operators.,LinkedIn + X thread,"Do not post credentials, signed owner URLs, raw receipts, private proof routes, unapproved client/endorsement claims, or unverified metrics.",false,,0,0,,
23,5,Relay13 + ConnectLog,X thread,Ask a discussion question tied to the audience pain.,platform-app-campaign-pack.md,assets/social/generated/platforms/relay13-connectlog.svg,assets/social/generated/platforms/relay13-connectlog.png,"DM me ""Relay13 + ConnectLog"" for the public walkthrough; do not post gated/internal 0S routes.",,Relay13 + ConnectLog,dm_walkthrough,DM walkthrough CTA,Relay13 + ConnectLog: Conversation and event ledger. Built for operators who need message history and proof.,LinkedIn + Instagram/Facebook,"Do not post credentials, signed owner URLs, raw receipts, private proof routes, unapproved client/endorsement claims, or unverified metrics.",false,,0,0,,
24,5,CitadelDB,Reddit/community,Pair the visual card with a short founder caption.,platform-app-campaign-pack.md,assets/social/generated/platforms/citadeldb.svg,assets/social/generated/platforms/citadeldb.png,"DM me ""CitadelDB"" for the public walkthrough; do not post gated/internal 0S routes.",,CitadelDB,dm_walkthrough,DM walkthrough CTA,CitadelDB: Database/control plane. Built for operators who need controlled data infrastructure.,LinkedIn + Instagram/Facebook,"Do not post credentials, signed owner URLs, raw receipts, private proof routes, unapproved client/endorsement claims, or unverified metrics.",false,,0,0,,
25,5,Client App Factory,Facebook group,Repost the strongest CTA with a client/use-case angle.,platform-app-campaign-pack.md,assets/social/generated/platforms/client-app-factory.svg,assets/social/generated/platforms/client-app-factory.png,"DM me ""Client App Factory"" for the public walkthrough; do not post gated/internal 0S routes.",,Client App Factory,dm_walkthrough,DM walkthrough CTA,Client App Factory: Client app production line. Built for local businesses and agencies.,LinkedIn + Instagram/Facebook,"Do not post credentials, signed owner URLs, raw receipts, private proof routes, unapproved client/endorsement claims, or unverified metrics.",false,,0,0,,
26,6,Valley Verified,LinkedIn,Introduce the lane and make the offer obvious.,platform-app-campaign-pack.md,assets/social/generated/platforms/valley-verified.svg,assets/social/generated/platforms/valley-verified.png,"DM me ""Valley Verified"" for the public walkthrough; do not post gated/internal 0S routes.",,Valley Verified,dm_walkthrough,DM walkthrough CTA,Valley Verified: Local business market engine. Built for Arizona local businesses and buyers.,Instagram/Facebook + X thread,"Do not post credentials, signed owner URLs, raw receipts, private proof routes, unapproved client/endorsement claims, or unverified metrics.",false,,0,0,,
27,6,SkyeMediaCenter,Instagram/Facebook,Show the proof boundary and why the route exists.,platform-app-campaign-pack.md,assets/social/generated/platforms/skyemediacenter.svg,assets/social/generated/platforms/skyemediacenter.png,"DM me ""SkyeMediaCenter"" for the public walkthrough; do not post gated/internal 0S routes.",,SkyeMediaCenter,dm_walkthrough,DM walkthrough CTA,"SkyeMediaCenter: Media center and proof reels. Built for creators, agencies, client proof teams.",LinkedIn + X thread,"Do not post credentials, signed owner URLs, raw receipts, private proof routes, unapproved client/endorsement claims, or unverified metrics.",false,,0,0,,
28,6,Agentic Growth Layer,X thread,Ask a discussion question tied to the audience pain.,platform-app-campaign-pack.md,assets/social/generated/platforms/agentic-growth-layer.svg,assets/social/generated/platforms/agentic-growth-layer.png,"DM me ""Agentic Growth Layer"" for the public walkthrough; do not post gated/internal 0S routes.",,Agentic Growth Layer,dm_walkthrough,DM walkthrough CTA,Agentic Growth Layer: AI growth product. Built for business owners who want agent-assisted growth.,LinkedIn + Instagram/Facebook,"Do not post credentials, signed owner URLs, raw receipts, private proof routes, unapproved client/endorsement claims, or unverified metrics.",false,,0,0,,
29,6,DeVisional Riftx,Reddit/community,Pair the visual card with a short founder caption.,platform-app-campaign-pack.md,assets/social/generated/platforms/devisional-riftx.svg,assets/social/generated/platforms/devisional-riftx.png,"DM me ""DeVisional Riftx"" for the public walkthrough; do not post gated/internal 0S routes.",,DeVisional Riftx,dm_walkthrough,DM walkthrough CTA,"DeVisional Riftx: Creative/visual production lane. Built for artists, creators, product storytellers.",LinkedIn + Instagram/Facebook,"Do not post credentials, signed owner URLs, raw receipts, private proof routes, unapproved client/endorsement claims, or unverified metrics.",false,,0,0,,
30,6,Kaixu CodeStudio,Facebook group,Repost the strongest CTA with a client/use-case angle.,platform-app-campaign-pack.md,assets/social/generated/platforms/kaixu-codestudio.svg,assets/social/generated/platforms/kaixu-codestudio.png,"DM me ""Kaixu CodeStudio"" for the public walkthrough; do not post gated/internal 0S routes.",,Kaixu CodeStudio,dm_walkthrough,DM walkthrough CTA,Kaixu CodeStudio: Free99 code workspace. Built for builders and code learners.,LinkedIn + Instagram/Facebook,"Do not post credentials, signed owner URLs, raw receipts, private proof routes, unapproved client/endorsement claims, or unverified metrics.",false,,0,0,,
31,7,Skaixu Code Evaluator,LinkedIn,Introduce the lane and make the offer obvious.,platform-app-campaign-pack.md,assets/social/generated/platforms/skaixu-code-evaluator.svg,assets/social/generated/platforms/skaixu-code-evaluator.png,"DM me ""Skaixu Code Evaluator"" for the public walkthrough; do not post gated/internal 0S routes.",,Skaixu Code Evaluator,dm_walkthrough,DM walkthrough CTA,Skaixu Code Evaluator: Code review and evaluation. Built for builders who need feedback loops.,Instagram/Facebook + X thread,"Do not post credentials, signed owner URLs, raw receipts, private proof routes, unapproved client/endorsement claims, or unverified metrics.",false,,0,0,,
32,7,SkyeAPI AegisCore,Instagram/Facebook,Show the proof boundary and why the route exists.,platform-app-campaign-pack.md,assets/social/generated/platforms/skyeapi-aegiscore.svg,assets/social/generated/platforms/skyeapi-aegiscore.png,"DM me ""SkyeAPI AegisCore"" for the public walkthrough; do not post gated/internal 0S routes.",,SkyeAPI AegisCore,dm_walkthrough,DM walkthrough CTA,SkyeAPI AegisCore: API security and provider gateway. Built for developers and platform operators.,LinkedIn + X thread,"Do not post credentials, signed owner URLs, raw receipts, private proof routes, unapproved client/endorsement claims, or unverified metrics.",false,,0,0,,
33,7,SkyeArcade,X thread,Ask a discussion question tied to the audience pain.,platform-app-campaign-pack.md,assets/social/generated/platforms/skyearcade.svg,assets/social/generated/platforms/skyearcade.png,"DM me ""SkyeArcade"" for the public walkthrough; do not post gated/internal 0S routes.",,SkyeArcade,dm_walkthrough,DM walkthrough CTA,"SkyeArcade: Arcade app surface. Built for users, creators, playful client experiences.",LinkedIn + Instagram/Facebook,"Do not post credentials, signed owner URLs, raw receipts, private proof routes, unapproved client/endorsement claims, or unverified metrics.",false,,0,0,,
34,7,SkyePics,Reddit/community,Pair the visual card with a short founder caption.,platform-app-campaign-pack.md,assets/social/generated/platforms/skyepics.svg,assets/social/generated/platforms/skyepics.png,"DM me ""SkyePics"" for the public walkthrough; do not post gated/internal 0S routes.",,SkyePics,dm_walkthrough,DM walkthrough CTA,SkyePics: Image app lane. Built for creators and visual operators.,LinkedIn + Instagram/Facebook,"Do not post credentials, signed owner URLs, raw receipts, private proof routes, unapproved client/endorsement claims, or unverified metrics.",false,,0,0,,
35,7,DocuMorph,Facebook group,Repost the strongest CTA with a client/use-case angle.,platform-app-campaign-pack.md,assets/social/generated/platforms/documorph.svg,assets/social/generated/platforms/documorph.png,"DM me ""DocuMorph"" for the public walkthrough; do not post gated/internal 0S routes.",,DocuMorph,dm_walkthrough,DM walkthrough CTA,DocuMorph: Document transformation app. Built for operators with messy document workflows.,LinkedIn + Instagram/Facebook,"Do not post credentials, signed owner URLs, raw receipts, private proof routes, unapproved client/endorsement claims, or unverified metrics.",false,,0,0,,
36,8,Doctor Ops Personal Vault,LinkedIn,Introduce the lane and make the offer obvious.,platform-app-campaign-pack.md,assets/social/generated/platforms/doctor-ops-personal-vault.svg,assets/social/generated/platforms/doctor-ops-personal-vault.png,"DM me ""Doctor Ops Personal Vault"" for the public walkthrough; do not post gated/internal 0S routes.",,Doctor Ops Personal Vault,dm_walkthrough,DM walkthrough CTA,Doctor Ops Personal Vault: Private professional vault concept. Built for medical/professional operators needing organized private workflows.,Instagram/Facebook + X thread,"Do not post credentials, signed owner URLs, raw receipts, private proof routes, unapproved client/endorsement claims, or unverified metrics.",false,,0,0,,
37,8,Social Batch Factory,Instagram/Facebook,Show the proof boundary and why the route exists.,platform-app-campaign-pack.md,assets/social/generated/platforms/social-batch-factory.svg,assets/social/generated/platforms/social-batch-factory.png,"DM me ""Social Batch Factory"" for the public walkthrough; do not post gated/internal 0S routes.",,Social Batch Factory,dm_walkthrough,DM walkthrough CTA,Social Batch Factory: Content production utility. Built for founders and agencies producing content at volume.,LinkedIn + X thread,"Do not post credentials, signed owner URLs, raw receipts, private proof routes, unapproved client/endorsement claims, or unverified metrics.",false,,0,0,,
38,8,JobPing,X thread,Ask a discussion question tied to the audience pain.,platform-app-campaign-pack.md,assets/social/generated/platforms/jobping.svg,assets/social/generated/platforms/jobping.png,"DM me ""JobPing"" for the public walkthrough; do not post gated/internal 0S routes.",,JobPing,dm_walkthrough,DM walkthrough CTA,"JobPing: Job alert app. Built for job seekers, workforce teams, operators.",LinkedIn + Instagram/Facebook,"Do not post credentials, signed owner URLs, raw receipts, private proof routes, unapproved client/endorsement claims, or unverified metrics.",false,,0,0,,
39,8,KeyGate13,Reddit/community,Pair the visual card with a short founder caption.,platform-app-campaign-pack.md,assets/social/generated/platforms/keygate13.svg,assets/social/generated/platforms/keygate13.png,"DM me ""KeyGate13"" for the public walkthrough; do not post gated/internal 0S routes.",,KeyGate13,dm_walkthrough,DM walkthrough CTA,KeyGate13: Key/gate utility. Built for operators who need access concepts kept clear.,LinkedIn + Instagram/Facebook,"Do not post credentials, signed owner URLs, raw receipts, private proof routes, unapproved client/endorsement claims, or unverified metrics.",false,,0,0,,
40,8,MyDrive Offline Vault,Facebook group,Repost the strongest CTA with a client/use-case angle.,platform-app-campaign-pack.md,assets/social/generated/platforms/mydrive-offline-vault.svg,assets/social/generated/platforms/mydrive-offline-vault.png,"DM me ""MyDrive Offline Vault"" for the public walkthrough; do not post gated/internal 0S routes.",,MyDrive Offline Vault,dm_walkthrough,DM walkthrough CTA,MyDrive Offline Vault: Offline vault utility. Built for users who need local-first file thinking.,LinkedIn + Instagram/Facebook,"Do not post credentials, signed owner URLs, raw receipts, private proof routes, unapproved client/endorsement claims, or unverified metrics.",false,,0,0,,
41,9,SkyeBox Authenticator,LinkedIn,Introduce the lane and make the offer obvious.,platform-app-campaign-pack.md,assets/social/generated/platforms/skyebox-authenticator.svg,assets/social/generated/platforms/skyebox-authenticator.png,"DM me ""SkyeBox Authenticator"" for the public walkthrough; do not post gated/internal 0S routes.",,SkyeBox Authenticator,dm_walkthrough,DM walkthrough CTA,SkyeBox Authenticator: Authenticator app. Built for users and operators managing access hygiene.,Instagram/Facebook + X thread,"Do not post credentials, signed owner URLs, raw receipts, private proof routes, unapproved client/endorsement claims, or unverified metrics.",false,,0,0,,
42,9,Still2Vid Forge,Instagram/Facebook,Show the proof boundary and why the route exists.,platform-app-campaign-pack.md,assets/social/generated/platforms/still2vid-forge.svg,assets/social/generated/platforms/still2vid-forge.png,"DM me ""Still2Vid Forge"" for the public walkthrough; do not post gated/internal 0S routes.",,Still2Vid Forge,dm_walkthrough,DM walkthrough CTA,Still2Vid Forge: Still image to video utility. Built for creators and small business marketers.,LinkedIn + X thread,"Do not post credentials, signed owner URLs, raw receipts, private proof routes, unapproved client/endorsement claims, or unverified metrics.",false,,0,0,,
43,9,HouseOperations,X thread,Ask a discussion question tied to the audience pain.,platform-app-campaign-pack.md,assets/social/generated/platforms/houseoperations.svg,assets/social/generated/platforms/houseoperations.png,"DM me ""HouseOperations"" for the public walkthrough; do not post gated/internal 0S routes.",,HouseOperations,dm_walkthrough,DM walkthrough CTA,HouseOperations: Household/operator command. Built for households and owner-operators.,LinkedIn + Instagram/Facebook,"Do not post credentials, signed owner URLs, raw receipts, private proof routes, unapproved client/endorsement claims, or unverified metrics.",false,,0,0,,
44,9,Auren,Reddit/community,Pair the visual card with a short founder caption.,platform-app-campaign-pack.md,assets/social/generated/platforms/auren.svg,assets/social/generated/platforms/auren.png,"DM me ""Auren"" for the public walkthrough; do not post gated/internal 0S routes.",,Auren,dm_walkthrough,DM walkthrough CTA,Auren: AI/brand platform surface. Built for founders exploring the AI brand layer.,LinkedIn + Instagram/Facebook,"Do not post credentials, signed owner URLs, raw receipts, private proof routes, unapproved client/endorsement claims, or unverified metrics.",false,,0,0,,
45,9,Empire Pallets,Facebook group,Repost the strongest CTA with a client/use-case angle.,platform-app-campaign-pack.md,assets/social/generated/platforms/empire-pallets.svg,assets/social/generated/platforms/empire-pallets.png,Open https://empire-pallets.pages.dev/,https://empire-pallets.pages.dev/,,needs_approval,Needs approval before client/endorsement wording,Empire Pallets: Portfolio app spotlight. Built for industrial buyers and local service operators.,LinkedIn + Instagram/Facebook,"Do not post credentials, signed owner URLs, raw receipts, private proof routes, unapproved client/endorsement claims, or unverified metrics.",false,,0,0,,
46,10,Bob's Smoke Shop,LinkedIn,Introduce the lane and make the offer obvious.,platform-app-campaign-pack.md,assets/social/generated/platforms/bobs-smoke-shop.svg,assets/social/generated/platforms/bobs-smoke-shop.png,Open https://bobs-smoke-shop.pages.dev/,https://bobs-smoke-shop.pages.dev/,,needs_approval,Needs approval before client/endorsement wording,Bob's Smoke Shop: Portfolio app spotlight. Built for local retail buyers.,Instagram/Facebook + X thread,"Do not post credentials, signed owner URLs, raw receipts, private proof routes, unapproved client/endorsement claims, or unverified metrics.",false,,0,0,,
47,10,480 Realty & Property Management,Instagram/Facebook,Show the proof boundary and why the route exists.,platform-app-campaign-pack.md,assets/social/generated/platforms/480-realty-property-management.svg,assets/social/generated/platforms/480-realty-property-management.png,Open https://480-realty-property-management.pages.dev/,https://480-realty-property-management.pages.dev/,,needs_approval,Needs approval before client/endorsement wording,480 Realty & Property Management: Portfolio app spotlight. Built for property owners and tenants.,LinkedIn + X thread,"Do not post credentials, signed owner URLs, raw receipts, private proof routes, unapproved client/endorsement claims, or unverified metrics.",false,,0,0,,
48,10,Techbros Electronic Recycling & ITAD,X thread,Ask a discussion question tied to the audience pain.,platform-app-campaign-pack.md,assets/social/generated/platforms/techbros-electronic-recycling-itad.svg,assets/social/generated/platforms/techbros-electronic-recycling-itad.png,Open https://techbros-electronic-recycling-itad.pages.dev/,https://techbros-electronic-recycling-itad.pages.dev/,,needs_approval,Needs approval before client/endorsement wording,Techbros Electronic Recycling & ITAD: Portfolio app spotlight. Built for businesses with electronics recycling needs.,LinkedIn + Instagram/Facebook,"Do not post credentials, signed owner URLs, raw receipts, private proof routes, unapproved client/endorsement claims, or unverified metrics.",false,,0,0,,
49,10,Dental Depot Orthodontics Phoenix,Reddit/community,Pair the visual card with a short founder caption.,platform-app-campaign-pack.md,assets/social/generated/platforms/dental-depot-orthodontics-phoenix.svg,assets/social/generated/platforms/dental-depot-orthodontics-phoenix.png,"DM me ""Dental Depot Orthodontics Phoenix"" for the public walkthrough; do not post gated/internal 0S routes.",,Dental Depot Orthodontics Phoenix,needs_approval,Needs approval before client/endorsement wording,Dental Depot Orthodontics Phoenix: Portfolio app spotlight. Built for practice operators and local search audiences.,LinkedIn + Instagram/Facebook,"Do not post credentials, signed owner URLs, raw receipts, private proof routes, unapproved client/endorsement claims, or unverified metrics.",false,,0,0,,
50,10,Arizona Biltmore Dentistry,Facebook group,Repost the strongest CTA with a client/use-case angle.,platform-app-campaign-pack.md,assets/social/generated/platforms/arizona-biltmore-dentistry.svg,assets/social/generated/platforms/arizona-biltmore-dentistry.png,"DM me ""Arizona Biltmore Dentistry"" for the public walkthrough; do not post gated/internal 0S routes.",,Arizona Biltmore Dentistry,needs_approval,Needs approval before client/endorsement wording,Arizona Biltmore Dentistry: Portfolio app spotlight. Built for practice operators and local search audiences.,LinkedIn + Instagram/Facebook,"Do not post credentials, signed owner URLs, raw receipts, private proof routes, unapproved client/endorsement claims, or unverified metrics.",false,,0,0,,
51,11,General Dentistry 4 Kids Phoenix,LinkedIn,Introduce the lane and make the offer obvious.,platform-app-campaign-pack.md,assets/social/generated/platforms/general-dentistry-4-kids-phoenix.svg,assets/social/generated/platforms/general-dentistry-4-kids-phoenix.png,"DM me ""General Dentistry 4 Kids Phoenix"" for the public walkthrough; do not post gated/internal 0S routes.",,General Dentistry 4 Kids Phoenix,needs_approval,Needs approval before client/endorsement wording,General Dentistry 4 Kids Phoenix: Portfolio app spotlight. Built for family-service operators and local search audiences.,Instagram/Facebook + X thread,"Do not post credentials, signed owner URLs, raw receipts, private proof routes, unapproved client/endorsement claims, or unverified metrics.",false,,0,0,,
52,11,Next Level Gaming AZ,Instagram/Facebook,Show the proof boundary and why the route exists.,platform-app-campaign-pack.md,assets/social/generated/platforms/next-level-gaming-az.svg,assets/social/generated/platforms/next-level-gaming-az.png,"DM me ""Next Level Gaming AZ"" for the public walkthrough; do not post gated/internal 0S routes.",,Next Level Gaming AZ,needs_approval,Needs approval before client/endorsement wording,Next Level Gaming AZ: Portfolio app spotlight. Built for local gaming and trading-card buyers.,LinkedIn + X thread,"Do not post credentials, signed owner URLs, raw receipts, private proof routes, unapproved client/endorsement claims, or unverified metrics.",false,,0,0,,
53,11,Dink & Dine Pickle Park,X thread,Ask a discussion question tied to the audience pain.,platform-app-campaign-pack.md,assets/social/generated/platforms/dink-and-dine-pickle-park.svg,assets/social/generated/platforms/dink-and-dine-pickle-park.png,"DM me ""Dink & Dine Pickle Park"" for the public walkthrough; do not post gated/internal 0S routes.",,Dink & Dine Pickle Park,needs_approval,Needs approval before client/endorsement wording,Dink & Dine Pickle Park: Portfolio app spotlight. Built for local entertainment and pickleball guests.,LinkedIn + Instagram/Facebook,"Do not post credentials, signed owner URLs, raw receipts, private proof routes, unapproved client/endorsement claims, or unverified metrics.",false,,0,0,,
54,11,ArcLight Pictures,Reddit/community,Pair the visual card with a short founder caption.,platform-app-campaign-pack.md,assets/social/generated/platforms/arclight-pictures.svg,assets/social/generated/platforms/arclight-pictures.png,Open https://arclight-pictures.pages.dev/,https://arclight-pictures.pages.dev/,,needs_approval,Needs approval before client/endorsement wording,ArcLight Pictures: Portfolio app spotlight. Built for creative teams and production buyers.,LinkedIn + Instagram/Facebook,"Do not post credentials, signed owner URLs, raw receipts, private proof routes, unapproved client/endorsement claims, or unverified metrics.",false,,0,0,,
