"id","firstName","lastName","role","service","title","nameStatus"
"sol-review-001","","","Local Service Business Owner","Website Development","Website Development Review",""
"sol-review-002","","","Business Owner","Website Repair","Website Repair Review",""
"sol-review-003","","","Sales-Focused Client","Sales Funnel","Pitch Engine Review",""
"sol-review-004","","","Phoenix Metro Service Client","Local SEO","Local SEO Review",""
"sol-review-005","","","Founder","Brand Strategy","Brand Strategy Review",""
"sol-review-006","","","Small Business Founder","Brand Strategy","Business Identity Review",""
"sol-review-007","","","Operations Manager","Staffing Solutions","Staffing Solutions Review",""
"sol-review-008","","","Business Development Client","AE Network","AE Network Review",""
"sol-review-009","","","Account Executive","AE Network","AE Sales Scripts Review",""
"sol-review-010","","","Account Growth Client","AE Network","Account Closing Review",""
"sol-review-011","","","Staffing Operations Client","Staffing Solutions","Staffing Pipeline Review",""
"sol-review-012","","","Supply-Focused Client","Staffing + Sourcing","Product Sourcing Review",""
"sol-review-013","","","Administrative Lead","Automation","Automation Review",""
"sol-review-014","","","Service Team Lead","Operations","Workflow Cleanup Review",""
"sol-review-015","","","Automation Client","Automation","Business Automation Review",""
"sol-review-016","","","Lead Management Client","Lead Flow","Better Follow-Up Review",""
"sol-review-017","","","Founder","AI Systems","AI Systems Review",""
"sol-review-018","","","Digital Services Client","AI Systems","Local Brain Review",""
"sol-review-019","","","Customer Support Client","AI Systems","AI Website Assistant Review",""
"sol-review-020","","","Internal Operations Client","AI Systems","Internal Knowledge Base Review",""
"sol-review-021","","","Small Business Owner","Government Contracting","Government Contracting Readiness Review",""
"sol-review-022","","","Contractor Services Client","Government Contracting","Capability Statement Review",""
"sol-review-023","","","Contracting Readiness Client","Government Contracting","Government-Facing Presentation Review",""
"sol-review-024","","","Proposal Client","Government Contracting","Proposal Support Review",""
"sol-review-025","","","Client Services Operator","Client Portal","Client Upload Review",""
"sol-review-026","","","Document Workflow Client","Document Workflow","Document Handling Review",""
"sol-review-027","","","Service Intake Client","Client Portal","Client Intake Review",""
"sol-review-028","","","Client Portal Client","Client Portal","Client Portal Planning Review",""
"sol-review-029","","","Technical Operations Client","Deployment Support","Deployment Command Center Review",""
"sol-review-030","","","Startup Client","Deployment Support","Cloud Deployment Review",""
"sol-review-031","","","Web Project Client","Deployment Support","Netlify Deployment Review",""
"sol-review-032","","","Technical Client","Deployment Support","Technical Honesty Review",""
"sol-review-033","","","Web Operations Client","Deployment Support","Smoke-Test Review",""
"sol-review-034","","","Operations Client","Business Operations","Business Operations Review",""
"sol-review-035","","","Operations Director","Business Operations","Internal Dashboard Review",""
"sol-review-036","","","Founder / Operator","Business Operations","Business System Planning Review",""
"sol-review-037","","","Infrastructure Planning Client","Digital Infrastructure","Business Infrastructure Review",""
"sol-review-038","","","Technology Client","Digital Infrastructure","Platform Thinking Review",""
"sol-review-039","","","Digital Transformation Client","Digital Infrastructure","Digital Transformation Review",""
"sol-review-040","","","Professional Services Client","Trust Building","Trust Section Review",""
"sol-review-041","","","Multi-Service Business Owner","Service Strategy","Service Menu Review",""
"sol-review-042","","","Growth Client","Launch Support","Launch Confidence Review",""
"sol-review-043","","","Urgent Website Repair Client","Launch Support","Emergency Repair Review",""
"sol-review-044","","","Sales Manager","Sales Funnel","Sales Funnel Review",""
"sol-review-045","","","Administrative Client","Documentation","Business Documentation Review",""
"sol-review-046","","","Startup Founder","Founder Support","Founder Support Review",""
"sol-review-047","","","Customer Experience Client","Customer Experience","Customer Journey Review",""
"sol-review-048","","","Sales Client","Sales Funnel","Sales Material Review",""
"sol-review-049","","","Operations Consultant","Business Operations","Operational Confidence Review",""
"sol-review-050","","","Professional Services Client","Brand Strategy","Professional Presentation Review",""
"sol-review-051","","","Service Provider","Service Strategy","Service Clarity Review",""
"sol-review-052","","","Marketing Client","Marketing Support","Marketing Foundation Review",""
"sol-review-053","","","Service Packaging Client","Service Strategy","Productized Services Review",""
"sol-review-054","","","Long-Term Client","Long-Term Value","Long-Term System Growth Review",""
"sol-review-055","","","Executive Client","Executive Support","Executive Clarity Review",""
"sol-review-056","","","Conversion Client","Sales Funnel","CTA Flow Review",""
"sol-review-057","","","Business Owner","Business Value","Real Business Value Review",""
"sol-review-058","","","Long-Term Review","Long-Term Value","Five-Year Service Review",""
"sol-review-059","","","Multi-Service Client","Business Value","All-In-One Support Review",""
"sol-review-060","","","Business Presentation Client","Brand Strategy","Serious Presence Review",""
"sol-review-061","","","Trust-Building Client","Trust Building","Client Trust Review",""
"sol-review-062","","","Founder Client","Founder Support","Founder Execution Review",""
"sol-review-063","","","Opportunity Readiness Client","Business Value","Business Readiness Review",""
"sol-review-064","","","Long-Term Growth Client","Long-Term Value","Support That Compounds Review",""
"sol-review-065","","","Five-Year Client Contact","Long-Term Value","Five-Year Value Review",""
"sol-review-066","","","Procurement Readiness Client","Government Contracting","Government Capability Review",""
"sol-review-067","","","Prime-Ready Business Client","Government Contracting","Prime Contractor Presentation Review",""
"sol-review-068","","","Regional Services Client","Local SEO","Local Market Visibility Review",""
"sol-review-069","","","Phoenix Business Client","Local SEO","Phoenix Service Area Review",""
"sol-review-070","","","Mesa Service Client","Local SEO","Mesa Service Page Review",""
"sol-review-071","","","Glendale Business Client","Local SEO","Glendale Service Page Review",""
"sol-review-072","","","Scottsdale Service Client","Local SEO","Scottsdale Market Review",""
"sol-review-073","","","Tempe Business Client","Local SEO","Tempe Market Review",""
"sol-review-074","","","Intake Workflow Client","Client Portal","Customer Intake System Review",""
"sol-review-075","","","Large File Client","Client Portal","Large File Intake Review",""
"sol-review-076","","","File Operations Client","Client Portal","Drive Fallback Review",""
"sol-review-077","","","Client Communication Lead","Client Portal","Client Communication Review",""
"sol-review-078","","","AI Support Client","AI Systems","AI Knowledge Routing Review",""
"sol-review-079","","","AI Workflow Client","AI Systems","AI Guardrails Review",""
"sol-review-080","","","Business Brain Client","AI Systems","Business Brain Review",""
"sol-review-081","","","Internal AI Client","AI Systems","Internal Assistant Review",""
"sol-review-082","","","Workflow Triage Client","Automation","Automation Triage Review",""
"sol-review-083","","","Form Systems Client","Automation","Form Logic Review",""
"sol-review-084","","","Lead Routing Client","Automation","Lead Routing Review",""
"sol-review-085","","","Follow-Up Systems Client","Automation","Follow-Up Automation Review",""
"sol-review-086","","","AE Network Member","AE Network","AE Commission Model Review",""
"sol-review-087","","","Account Executive Partner","AE Network","AE Opportunity Review",""
"sol-review-088","","","Outreach Client","AE Network","Business Outreach Review",""
"sol-review-089","","","Staffing Strategy Client","Staffing Solutions","Staffing Needs Review",""
"sol-review-090","","","Vendor Support Client","Staffing + Sourcing","Vendor Sourcing Review",""
"sol-review-091","","","Workforce Planning Client","Staffing Solutions","Workforce Gap Review",""
"sol-review-092","","","Launch Checklist Client","Deployment Support","Deployment Checklist Review",""
"sol-review-093","","","Environment Setup Client","Deployment Support","Environment Variables Review",""
"sol-review-094","","","Route Testing Client","Deployment Support","Route Testing Review",""
"sol-review-095","","","Provider Setup Client","Deployment Support","Provider Setup Review",""
"sol-review-096","","","Operator Dashboard Client","Business Operations","Operator Dashboard Review",""
"sol-review-097","","","Process Ownership Client","Business Operations","Process Ownership Review",""
"sol-review-098","","","Service Delivery Client","Business Operations","Service Delivery Review",""
"sol-review-099","","","Reporting Client","Business Operations","Reporting Visibility Review",""
"sol-review-100","","","Brand Trust Client","Brand Strategy","Brand Trust Review",""
"sol-review-101","","","Offer Clarity Client","Brand Strategy","Offer Clarity Review",""
"sol-review-102","","","Visual Identity Client","Brand Strategy","Visual Upgrade Review",""
"sol-review-103","","","Business Voice Client","Brand Strategy","Business Voice Review",""
"sol-review-104","","","Sales Walkthrough Client","Sales Funnel","Sales Walkthrough Review",""
"sol-review-105","","","Proposal Flow Client","Sales Funnel","Proposal Flow Review",""
"sol-review-106","","","Buyer Confidence Client","Sales Funnel","Buyer Confidence Review",""
"sol-review-107","","","Conversion Strategy Client","Sales Funnel","Conversion Path Review",""
"sol-review-108","","","Five-Year Contact","Long-Term Value","Five-Year Consistency Review",""
"sol-review-109","","","Repeated Improvement Client","Long-Term Value","Repeated Improvement Review",""
"sol-review-110","","","Business Momentum Client","Long-Term Value","Business Momentum Review",""
"sol-review-111","","","Strategic Support Client","Long-Term Value","Strategic Support Review",""
"sol-review-112","","","Infrastructure Client","Digital Infrastructure","Digital Infrastructure Review",""
"sol-review-113","","","Platform Architecture Client","Digital Infrastructure","Platform Architecture Review",""
"sol-review-114","","","System Repair Client","Digital Infrastructure","System Repair Review",""
"sol-review-115","","","Operational Platform Client","Digital Infrastructure","Operational Platform Review",""
