due_date,rank,business_id,name,city,category,stage,score,next_action,phone,email,website
"2026-05-20","1","fade-masters-phx","Fade Masters PHX","Phoenix","Haircuts","sponsor-ready","69","Pitch exposure package or featured placement.","(602) 555-0123","book@fademastersphx.com","https://fademastersphx.com"
"2026-05-21","2","empire-pallets-phoenix","Empire Pallets","Phoenix","Business Services","profile-enrichment","68","Request offer, pricing, description, and badge cleanup.","(480) 662-6551","sales@empirepalletsaz.com","https://empire-pallets.pages.dev/"
"2026-05-22","3","480-realty-property-management-mesa-85209","480 Realty & Property Management","Mesa","Real Estate And Property","profile-enrichment","65","Request offer, pricing, description, and badge cleanup.","(480) 282-1234","mario@480realtypm.com","https://480-realty-property-management.pages.dev/"
"2026-05-23","4","bobs-smoke-shop-litchfield-park","Bob's Smoke Shop","Litchfield Park","Retail And Specialty","profile-enrichment","65","Request offer, pricing, description, and badge cleanup.","(623) 935-0786","bobsmokeshopaz@gmail.com","https://bobs-smoke-shop.pages.dev/"
"2026-05-24","5","chicken-n-pickle-westgate","Chicken N Pickle","Glendale","Food And Events","profile-enrichment","65","Request offer, pricing, description, and badge cleanup.","(623) 352-8950","","https://chickennpickle.com"
"2026-05-25","6","dave-and-busters-westgate","Dave & Buster’s","Glendale","Food And Events","profile-enrichment","65","Request offer, pricing, description, and badge cleanup.","(623) 759-7800","","https://www.daveandbusters.com"
"2026-05-26","7","escape-westgate","Escape Westgate","Glendale","Food And Events","profile-enrichment","65","Request offer, pricing, description, and badge cleanup.","(623) 282-1979","","https://www.escapewestgate.com"
"2026-05-27","8","popstroke-westgate","PopStroke","Glendale","Food And Events","profile-enrichment","65","Request offer, pricing, description, and badge cleanup.","(623) 323-0002","","https://popstroke.com"
"2026-05-28","9","state-farm-stadium","State Farm Stadium","Glendale","Food And Events","profile-enrichment","65","Request offer, pricing, description, and badge cleanup.","(623) 433-7101","","https://www.statefarmstadium.com/"
"2026-05-29","10","stir-crazy-comedy-club","Stir Crazy","Glendale","Food And Events","profile-enrichment","65","Request offer, pricing, description, and badge cleanup.","(623) 565-8667","","https://www.stircrazycomedyclub.com"
"2026-05-30","11","techbros-electronic-recycling-and-itad-scottsdale-85260-8909b0c","Techbros Electronic Recycling & ITAD","Scottsdale","Business Services","profile-enrichment","65","Request offer, pricing, description, and badge cleanup.","(480) 447-7356","","https://techbros-electronic-recycling-itad.pages.dev/"
"2026-05-31","12","arclight-pictures-tucson","ArcLight Pictures","Phoenix Metro","Creative Services","profile-enrichment","64","Request offer, pricing, description, and badge cleanup.","(520) 230-1992","","https://arclight-pictures.pages.dev/"
"2026-06-01","13","as-you-wish-pottery-westgate","As You Wish Pottery","Glendale","Creative Services","profile-enrichment","64","Request offer, pricing, description, and badge cleanup.","(623) 772-5403","","https://www.asyouwishpottery.com"
"2026-06-02","14","dink-and-dine-pickle-park-mesa-85201-5432605","Dink & Dine Pickle Park","Mesa","Food And Events","profile-enrichment","64","Request offer, pricing, description, and badge cleanup.","(480) 719-4697","","https://dink-and-dine-pickle-park.pages.dev/"
"2026-06-03","15","next-level-gaming-goodyear","Next Level Gaming","Goodyear","Retail And Specialty","profile-enrichment","64","Request offer, pricing, description, and badge cleanup.","(623) 248-7458","nlgaming2023@gmail.com","https://www.nextlevelgamingaz.com/"
"2026-06-04","16","westgate-entertainment-district","Westgate","Glendale","Food And Events","profile-enrichment","64","Request offer, pricing, description, and badge cleanup.","","","https://westgateaz.com/"
"2026-06-05","17","goodyear-ballpark","Goodyear Ballpark","Goodyear","Food And Events","profile-enrichment","63","Request offer, pricing, description, and badge cleanup.","","","https://goodyearbp.com/"
"2026-06-06","18","the-wigwam-resort","The Wigwam","Litchfield Park","Food And Events","profile-enrichment","63","Request offer, pricing, description, and badge cleanup.","","","https://www.wigwamarizona.com/"
"2026-06-07","19","theaterworks-peoria","TheaterWorks","Peoria","Creative Services","profile-enrichment","63","Request offer, pricing, description, and badge cleanup.","","","https://theaterworks.org/"
"2026-06-08","20","arizona-alliance-for-community-health-centers-phoenix-85034-c9af822","Arizona Alliance for Community Health Centers","Phoenix","Health And Care","claim-and-verify","53","Invite owner to claim listing and submit proof packet.","(602) 288-7547","","https://www.aachc.org"
"2026-06-09","21","beatitudes-campus-phoenix-85021-e66a4ed","Beatitudes Campus","Phoenix","Health And Care","claim-and-verify","53","Invite owner to claim listing and submit proof packet.","(602) 995-6100","","https://www.beatitudescampus.org"
"2026-06-10","22","hospice-of-the-valley-phoenix-85014-e3bf8fd","Hospice of the Valley","Phoenix","Health And Care","claim-and-verify","53","Invite owner to claim listing and submit proof packet.","(602) 530-6900","","https://hov.org"
"2026-06-11","23","alerus-phoenix-85008-783cb2b","Alerus","Phoenix","Legal And Financial","claim-and-verify","52","Invite owner to claim listing and submit proof packet.","(602) 346-1800","","https://alerus.com"
"2026-06-12","24","baker-commodities-inc-phoenix-85005-460fcbd","Baker Commodities, Inc.","Phoenix","Local Services","claim-and-verify","52","Invite owner to claim listing and submit proof packet.","(602) 254-5971","","https://www.bakercommodities.com"
"2026-06-13","25","banner-health-phoenix-healthcare-wellness-e134708","Banner Health","Phoenix","Health And Care","claim-and-verify","52","Invite owner to claim listing and submit proof packet.","","","https://www.bannerhealth.com"
"2026-06-14","26","beer-and-wine-distributors-of-arizona-phoenix-85003-782e174","Beer & Wine Distributors of Arizona","Phoenix","Local Services","claim-and-verify","52","Invite owner to claim listing and submit proof packet.","(602) 445-6345","","https://bwdaz.com"
"2026-06-15","27","beltmann-group-inc-agent-for-north-american-van-lines-phoenix-85009-2285722","Beltmann Group, Inc. - Agent for North American Van Lines","Phoenix","Local Services","claim-and-verify","52","Invite owner to claim listing and submit proof packet.","(602) 484-7665","","https://beltmann.com"
"2026-06-16","28","breyer-law-offices-p-c-phoenix-85044-9980de5","Breyer Law Offices, P.C.","Phoenix","Legal And Financial","claim-and-verify","52","Invite owner to claim listing and submit proof packet.","(480) 588-8508","","https://www.breyerlaw.com"
"2026-06-17","29","brown-and-brown-insurance-of-arizona-inc-phoenix-85004-b4e68c9","Brown & Brown Insurance of Arizona, Inc.","Phoenix","Legal And Financial","claim-and-verify","52","Invite owner to claim listing and submit proof packet.","(602) 277-6672","","https://bbphoenix.com"
"2026-06-18","30","burch-and-cracchiolo-p-a-phoenix-85004-acf6c6b","Burch & Cracchiolo, P.A.","Phoenix","Legal And Financial","claim-and-verify","52","Invite owner to claim listing and submit proof packet.","(602) 274-7611","","https://www.bcattorneys.com"
"2026-05-20","31","carollo-engineers-inc-phoenix-85034-7ad9b48","Carollo Engineers, Inc.","Phoenix","Local Services","claim-and-verify","52","Invite owner to claim listing and submit proof packet.","(602) 263-9500","","https://www.carollo.com"
"2026-05-21","32","cizek-associates-inc-phoenix-85016-426ff6c","Cizek Associates, Inc.","Phoenix","Business Services","claim-and-verify","52","Invite owner to claim listing and submit proof packet.","(602) 553-1066","","https://www.cizekassociates.com"
"2026-05-22","33","clear-channel-outdoor-phoenix-phoenix-85016-657302e","Clear Channel Outdoor Phoenix","Phoenix","Business Services","claim-and-verify","52","Invite owner to claim listing and submit proof packet.","(602) 381-5700","","https://www.clearchanneloutdoor.com"
"2026-05-23","34","corporate-interior-systems-inc-phoenix-85040-d3d75cf","Corporate Interior Systems, Inc.","Phoenix","Business Services","claim-and-verify","52","Invite owner to claim listing and submit proof packet.","(602) 304-0100","","https://www.cisinphx.com"
"2026-05-24","35","dignity-health-phoenix-healthcare-wellness-449a910","Dignity Health","Phoenix","Health And Care","claim-and-verify","52","Invite owner to claim listing and submit proof packet.","","","https://www.dignityhealth.org"
"2026-05-25","36","dircks-moving-and-logistics-phoenix-85043-2c4cabf","Dircks Moving & Logistics","Phoenix","Business Services","claim-and-verify","52","Invite owner to claim listing and submit proof packet.","(602) 267-9401","","https://www.dircks.com"
"2026-05-26","37","duffy-group-inc-phoenix-85050-2ee1ed3","Duffy Group, Inc.","Phoenix","Local Services","claim-and-verify","52","Invite owner to claim listing and submit proof packet.","(602) 861-5840","","https://www.duffygroup.com"
"2026-05-27","38","dwl-architects-and-planners-inc-phoenix-85004-02228af","DWL Architects & Planners, Inc.","Phoenix","Local Services","claim-and-verify","52","Invite owner to claim listing and submit proof packet.","(602) 264-9731","","https://www.dwlarchitects.com"
"2026-05-28","39","elontec-llc-phoenix-85043-d1d9715","Elontec, LLC","Phoenix","Business Services","claim-and-verify","52","Invite owner to claim listing and submit proof packet.","(602) 759-5500","","https://elontec.com"
"2026-05-29","40","gallagher-and-kennedy-p-a-phoenix-85016-887b1be","Gallagher & Kennedy, P.A.","Phoenix","Legal And Financial","claim-and-verify","52","Invite owner to claim listing and submit proof packet.","(602) 530-8000","","https://gknet.com"
"2026-05-30","41","hallier-stearns-brierley-plc-phoenix-85018-6394357","Hallier Stearns Brierley PLC","Phoenix","Legal And Financial","claim-and-verify","52","Invite owner to claim listing and submit proof packet.","(602) 285-5500","","https://hallierlaw.com"
"2026-05-31","42","hdr-engineering-inc-phoenix-85012-7e0544d","HDR Engineering, Inc.","Phoenix","Local Services","claim-and-verify","52","Invite owner to claim listing and submit proof packet.","(602) 522-7700","","https://hdrinc.com"
"2026-06-01","43","huitt-zollars-inc-phoenix-85018-3d69524","Huitt-Zollars, Inc.","Phoenix","Local Services","claim-and-verify","52","Invite owner to claim listing and submit proof packet.","(602) 252-8384","","https://huitt-zollars.com"
"2026-06-02","44","keo-marketing-inc-phoenix-85004-bee14f3","KEO Marketing Inc","Phoenix","Creative Services","claim-and-verify","52","Invite owner to claim listing and submit proof packet.","(480) 413-2090","","https://keomarketing.com"
"2026-06-03","45","o-neil-printing-inc-phoenix-85040-7141017","O'Neil Printing, Inc.","Phoenix","Business Services","claim-and-verify","52","Invite owner to claim listing and submit proof packet.","(602) 258-7789","","https://oneilprint.com"
"2026-06-04","46","palamerican-security-phoenix-85023-2d99f7d","PalAmerican Security","Phoenix","Business Services","claim-and-verify","52","Invite owner to claim listing and submit proof packet.","(602) 331-7000","","https://palamerican.com"
"2026-06-05","47","pearson-s-enterprises-inc-phoenix-85009-8f4c7a1","Pearson's Enterprises, Inc.","Phoenix","Business Services","claim-and-verify","52","Invite owner to claim listing and submit proof packet.","(602) 272-9461","","https://pearsonsigns.com"
"2026-06-06","48","phoenix-children-s-hospital-phoenix-healthcare-wellness-79b5f94","Phoenix Children’s Hospital","Phoenix","Health And Care","claim-and-verify","52","Invite owner to claim listing and submit proof packet.","","","https://www.phoenixchildrens.org"
"2026-06-07","49","phoenix-fence-co-phoenix-85040-22e13e2","Phoenix Fence Co.","Phoenix","Local Services","claim-and-verify","52","Invite owner to claim listing and submit proof packet.","(602) 276-4283","","https://www.phoenixfence.com"
"2026-06-08","50","pixa-phoenix-85040-c787c03","Pixa","Phoenix","Creative Services","claim-and-verify","52","Invite owner to claim listing and submit proof packet.","(480) 380-2201","","https://ThinkPixa.com"
"2026-06-09","51","american-express-phoenix-legal-financial-services-accebed","American Express","Phoenix","Legal And Financial","claim-and-verify","51","Invite owner to claim listing and submit proof packet.","","","https://www.americanexpress.com"
"2026-06-10","52","austin-commercial-l-p-phoenix-85027-474a9c5","Austin Commercial, L.P.","Phoenix","Home Services","claim-and-verify","51","Invite owner to claim listing and submit proof packet.","(602) 267-1879","","https://www.austin-ind.com"
"2026-06-11","53","border-states-electric-supply-phoenix-85034-85275d9","Border States Electric Supply","Phoenix","Home Services","claim-and-verify","51","Invite owner to claim listing and submit proof packet.","(602) 244-0331","","https://www.borderstateselectric.com"
"2026-06-12","54","chas-roberts-air-conditioning-inc-phoenix-85021-1ea814f","Chas Roberts Air Conditioning, Inc.","Phoenix","Home Services","claim-and-verify","51","Invite owner to claim listing and submit proof packet.","(602) 943-7291","","https://www.chasroberts.com"
"2026-06-13","55","integrity-a-c-and-heating-llc-phoenix-85024-a69003d","Integrity A/C & Heating, LLC","Phoenix","Home Services","claim-and-verify","51","Invite owner to claim listing and submit proof packet.","(602) 971-0567","","https://integrity-hvac.com"
"2026-06-14","56","jani-king-of-phoenix-phoenix-85020-852149a","Jani-King of Phoenix","Phoenix","Home Services","claim-and-verify","51","Invite owner to claim listing and submit proof packet.","(602) 433-0550","","https://www.janiking.com"
"2026-06-15","57","mcfarland-s-carpet-service-phoenix-85008-b3c608a","McFarland's Carpet Service","Phoenix","Home Services","claim-and-verify","51","Invite owner to claim listing and submit proof packet.","(602) 244-9329","","https://www.mcfarlandscarpet.com"
"2026-06-16","58","omega-test-and-balance-llc-phoenix-85029-a8409db","Omega Test & Balance, LLC","Phoenix","Home Services","claim-and-verify","51","Invite owner to claim listing and submit proof packet.","(602) 441-4727","","https://omegatab.com"
"2026-06-17","59","republic-services-phoenix-business-professional-services-8a067e4","Republic Services","Phoenix","Business Services","claim-and-verify","51","Invite owner to claim listing and submit proof packet.","","","https://www.republicservices.com"
"2026-06-18","60","usaa-phoenix-legal-financial-services-7ae1e09","USAA","Phoenix","Legal And Financial","claim-and-verify","51","Invite owner to claim listing and submit proof packet.","","","https://www.usaa.com"
"2026-05-20","61","wells-fargo-phoenix-legal-financial-services-e21b245","Wells Fargo","Phoenix","Legal And Financial","claim-and-verify","51","Invite owner to claim listing and submit proof packet.","","","https://www.wellsfargo.com"
"2026-05-21","62","ap-professionals-of-arizona-scottsdale-85251-d6ce44c","AP Professionals of Arizona","Scottsdale","Business Services","claim-and-verify","50","Invite owner to claim listing and submit proof packet.","(480) 947-1441","","https://www.approus.com"
"2026-05-22","63","apartment-hunters-phoenix-85051-4a7265c","Apartment Hunters","Phoenix","Real Estate And Property","claim-and-verify","50","Invite owner to claim listing and submit proof packet.","(602) 863-1500","","https://www.valleywidehouses.com"
"2026-05-23","64","arizona-best-real-estate-scottsdale-85254-c8dd9fe","Arizona Best Real Estate","Scottsdale","Real Estate And Property","claim-and-verify","50","Invite owner to claim listing and submit proof packet.","(480) 948-4711","","https://www.arizonabest.com"
"2026-05-24","65","aventura-catering-phoenix-85004-352fe2c","Aventura Catering","Phoenix","Food And Events","claim-and-verify","50","Invite owner to claim listing and submit proof packet.","(602) 534-8607","","https://www.aventuracatering.com"
"2026-05-25","66","avnet-phoenix-contractor-home-service-014d78b","Avnet","Phoenix","Home Services","claim-and-verify","50","Invite owner to claim listing and submit proof packet.","","","https://www.avnet.com"
"2026-05-26","67","bbsi-barrett-business-services-inc-scottsdale-85250-175a1ff","BBSI/Barrett Business Services, Inc.","Scottsdale","Legal And Financial","claim-and-verify","50","Invite owner to claim listing and submit proof packet.","(480) 839-4400","","https://www.bbsi.com"
"2026-05-27","68","colliers-international-phoenix-phoenix-85016-1b0cc51","Colliers International - Phoenix","Phoenix","Real Estate And Property","claim-and-verify","50","Invite owner to claim listing and submit proof packet.","(602) 222-5000","","https://www.colliers.com"
"2026-05-28","69","coulter-cadillac-inc-phoenix-85014-4555168","Coulter Cadillac, Inc.","Phoenix","Auto Services","claim-and-verify","50","Invite owner to claim listing and submit proof packet.","(602) 264-1188","","https://www.coultercadillac.com"
"2026-05-29","70","desert-ridge-marketplace-phoenix-85050-4d37756","Desert Ridge Marketplace","Phoenix","Real Estate And Property","claim-and-verify","50","Invite owner to claim listing and submit proof packet.","(480) 513-7586","","https://www.shopdesertridge.com"
"2026-05-30","71","fairytale-brownies-inc-phoenix-85040-d1096b3","Fairytale Brownies, Inc.","Phoenix","Food And Events","claim-and-verify","50","Invite owner to claim listing and submit proof packet.","(800) 531-5209","","https://www.brownies.com"
"2026-05-31","72","north-central-news-inc-phoenix-85016-c99746d","North Central News, Inc.","Phoenix","Beauty And Wellness","claim-and-verify","50","Invite owner to claim listing and submit proof packet.","(602) 277-2742","","https://northcentralnews.net"
"2026-06-01","73","american-technology-specialists-mesa-85210-142f7ae","American Technology Specialists","Mesa","Business Services","claim-and-verify","49","Invite owner to claim listing and submit proof packet.","(480) 491-1400","","https://www.technologyspec.com"
"2026-06-02","74","ames-construction-inc-scottsdale-85255-1a3d9fd","Ames Construction, Inc.","Scottsdale","Home Services","claim-and-verify","49","Invite owner to claim listing and submit proof packet.","(602) 431-2111","","https://www.amesconstruction.com"
"2026-06-03","75","bridgeway-health-solutions-tempe-85281-9163161","Bridgeway Health Solutions","Tempe","Health And Care","claim-and-verify","49","Invite owner to claim listing and submit proof packet.","(866) 475-3129","","https://bridgewayhs.com"
"2026-06-04","76","city-of-hope-phoenix-goodyear-85338-ecfea5d","City of Hope - Phoenix","Goodyear","Health And Care","claim-and-verify","49","Invite owner to claim listing and submit proof packet.","(623) 207-3000","","https://cancercenter.com"
"2026-06-05","77","delta-dental-of-arizona-scottsdale-85254-635c247","Delta Dental of Arizona","Scottsdale","Health And Care","claim-and-verify","49","Invite owner to claim listing and submit proof packet.","(602) 938-3131","","https://deltadentalaz.com"
"2026-06-06","78","delta-diversified-enterprises-inc-tempe-85283-93b3bbf","Delta Diversified Enterprises, Inc.","Tempe","Home Services","claim-and-verify","49","Invite owner to claim listing and submit proof packet.","(480) 831-0532","","https://www.deltadiv.com"
"2026-06-07","79","honeywell-aerospace-phoenix-salon-personal-care-5eb247f","Honeywell Aerospace","Phoenix","Beauty And Wellness","claim-and-verify","49","Invite owner to claim listing and submit proof packet.","","","https://www.honeywell.com"
"2026-06-08","80","ideas-collide-scottsdale-85251-bfb98cf","Ideas Collide","Scottsdale","Creative Services","claim-and-verify","49","Invite owner to claim listing and submit proof packet.","(480) 659-4520","","https://www.ideascollide.com"
"2026-06-09","81","invader-pest-management-inc-glendale-85311-b53c5ba","Invader Pest Management, Inc.","Glendale","Home Services","claim-and-verify","49","Invite owner to claim listing and submit proof packet.","(623) 435-0228","","https://www.invader.net"
"2026-06-10","82","mpr-med-exercise-phoenix-salon-personal-care-d469bb3","MPR Med Exercise","Scottsdale","Beauty And Wellness","claim-and-verify","49","Invite owner to claim listing and submit proof packet.","(602) 980-4199","","https://mprmedexercise.com"
"2026-06-11","83","penrose-academy-scottsdale-85254-b32c90d","Penrose Academy","Scottsdale","Beauty And Wellness","claim-and-verify","49","Invite owner to claim listing and submit proof packet.","(480) 222-9540","","https://www.penrose.edu"
"2026-06-12","84","sprouts-farmers-market-phoenix-retail-specialty-store-10c03b9","Sprouts Farmers Market","Phoenix","Retail And Specialty","claim-and-verify","49","Invite owner to claim listing and submit proof packet.","","","https://www.sprouts.com"
"2026-06-13","85","amazon-phoenix-major-employer-adc4ff0","Amazon","Phoenix","Major Employers","claim-and-verify","48","Invite owner to claim listing and submit proof packet.","","","https://www.amazon.com"
"2026-06-14","86","arizona-state-university-tempe-education-childcare-d5b33c6","Arizona State University","Tempe","Education And Childcare","claim-and-verify","48","Invite owner to claim listing and submit proof packet.","","","https://www.asu.edu"
"2026-06-15","87","freeport-mcmoran-phoenix-major-employer-5d1daf7","Freeport-McMoRan","Phoenix","Major Employers","claim-and-verify","48","Invite owner to claim listing and submit proof packet.","","","https://www.fcx.com"
"2026-06-16","88","intel-corporation-chandler-major-employer-e42a75d","Intel Corporation","Chandler","Major Employers","claim-and-verify","48","Invite owner to claim listing and submit proof packet.","","","https://www.intel.com"
"2026-06-17","89","state-of-arizona-phoenix-major-employer-d1d307f","State of Arizona","Phoenix","Major Employers","claim-and-verify","48","Invite owner to claim listing and submit proof packet.","","","https://www.az.gov"
"2026-06-18","90","a-ready-minded-youth-foundation-phoenix-85051-0b304fa","A Ready Minded Youth Foundation","Phoenix","Health And Care","claim-and-verify","45","Invite owner to claim listing and submit proof packet.","(480) 469-4950","",""
"2026-05-20","91","adelante-healthcare-phoenix-85012-ec0d196","Adelante Healthcare","Phoenix","Health And Care","claim-and-verify","45","Invite owner to claim listing and submit proof packet.","(623) 544-5129","",""
"2026-05-21","92","adelante-healthcare-mesa-mesa-85202-28264fb","Adelante Healthcare Central Phoenix","Phoenix","Health And Care","claim-and-verify","45","Invite owner to claim listing and submit proof packet.","(877) 809-5092","",""
"2026-05-22","93","admiremd-skin-wellness-clinic-phoenix-85018-7d4d23c","AdmireMD Skin + Wellness Clinic","Phoenix","Health And Care","claim-and-verify","45","Invite owner to claim listing and submit proof packet.","(480) 573-0082","",""
"2026-05-23","94","advanced-spine-and-pain-phoenix-85037-5ad64f5","Advanced Spine & Pain","Phoenix","Health And Care","claim-and-verify","45","Invite owner to claim listing and submit proof packet.","(480) 573-0130","",""
"2026-05-24","95","all-embracing-home-care-phoenix-85051-aa024c2","All Embracing Home Care","Phoenix","Health And Care","claim-and-verify","45","Invite owner to claim listing and submit proof packet.","(480) 744-9151","",""
"2026-05-25","96","allthrive-365-formerly-fsl-phoenix-85014-446ee90","AllThrive 365 (Formerly FSL)","Phoenix","Health And Care","claim-and-verify","45","Invite owner to claim listing and submit proof packet.","(602) 285-1800","",""
"2026-05-26","97","archwell-health-north-mountain-phoenix-85021-3c28dea","ArchWell Health- North Mountain","Phoenix","Health And Care","claim-and-verify","45","Invite owner to claim listing and submit proof packet.","(602) 858-4361","",""
"2026-05-27","98","arizona-association-of-health-plans-phoenix-85016-982aab3","Arizona Association of Health Plans","Phoenix","Health And Care","claim-and-verify","45","Invite owner to claim listing and submit proof packet.","(602) 680-7680","",""
"2026-05-28","99","arizona-biltmore-dentistry-phoenix-85016-d406e26","Arizona Biltmore Dentistry","Phoenix","Health And Care","claim-and-verify","45","Invite owner to claim listing and submit proof packet.","(602) 957-8200","",""
"2026-05-29","100","banner-university-medical-center-phoenix-85006-4f6050b","Banner University Medical Center","Phoenix","Health And Care","claim-and-verify","45","Invite owner to claim listing and submit proof packet.","(602) 839-2000","",""
"2026-05-30","101","breakthrough-t1d-desert-west-chapter-phoenix-85018-83e0f8b","Breakthrough T1D - Desert West Chapter","Phoenix","Health And Care","claim-and-verify","45","Invite owner to claim listing and submit proof packet.","(602) 224-1800","",""
"2026-05-31","102","choice-hospice-phoenix-85016-b7267ac","Choice Hospice","Phoenix","Health And Care","claim-and-verify","45","Invite owner to claim listing and submit proof packet.","(602) 795-9705","",""
"2026-06-01","103","circle-the-city-phoenix-85013-9899dc3","Circle the City","Phoenix","Health And Care","claim-and-verify","45","Invite owner to claim listing and submit proof packet.","(602) 776-0776","",""
"2026-06-02","104","college-medical-center-phoenix-phoenix-85006-81c6843","College Medical Center Phoenix","Phoenix","Health And Care","claim-and-verify","45","Invite owner to claim listing and submit proof packet.","(602) 251-8535","",""
"2026-06-03","105","contexture-phoenix-85012-39420ac","Contexture","Phoenix","Health And Care","claim-and-verify","45","Invite owner to claim listing and submit proof packet.","(844) 279-7120","",""
"2026-06-04","106","dental-depot-orthodontics-phoenix-85053-c0fa26f","Dental Depot Orthodontics","Phoenix","Health And Care","claim-and-verify","45","Invite owner to claim listing and submit proof packet.","(602) 845-8653","",""
"2026-06-05","107","desert-vista-eye-specialists-phoenix-phoenix-85016-c78386e","Desert Vista Eye Specialists-Phoenix","Phoenix","Health And Care","claim-and-verify","45","Invite owner to claim listing and submit proof packet.","(602) 840-3501","",""
"2026-06-06","108","envy-hospice-phoenix-85020-ae8987c","Envy Hospice","Phoenix","Health And Care","claim-and-verify","45","Invite owner to claim listing and submit proof packet.","(480) 335-4040","",""
"2026-06-07","109","forte-physical-therapy-phoenix-85008-398ac6c","Forte Physical Therapy","Phoenix","Health And Care","claim-and-verify","45","Invite owner to claim listing and submit proof packet.","(480) 408-4822","",""
"2026-06-08","110","general-dentistry-4-kids-phoenix-85032-237e895","General Dentistry 4 Kids","Phoenix","Health And Care","claim-and-verify","45","Invite owner to claim listing and submit proof packet.","(602) 996-6065","",""
"2026-06-09","111","gilmore-dental-care-phoenix-85085-61d8b1a","Gilmore Dental Care","Phoenix","Health And Care","claim-and-verify","45","Invite owner to claim listing and submit proof packet.","(480) 847-1522","",""
"2026-06-10","112","guiding-road-recovery-center-phoenix-85020-6596097","Guiding Road Recovery Center","Phoenix","Health And Care","claim-and-verify","45","Invite owner to claim listing and submit proof packet.","(480) 588-2328","",""
"2026-06-11","113","haven-behavioral-hospital-of-phoenix-phoenix-85007-3b991f4","Haven Behavioral Hospital of Phoenix","Phoenix","Health And Care","claim-and-verify","45","Invite owner to claim listing and submit proof packet.","(623) 236-2000","",""
"2026-06-12","114","helpany-phoenix-85014-19a3ffa","Helpany","Phoenix","Health And Care","claim-and-verify","45","Invite owner to claim listing and submit proof packet.","(888) 987-3461","",""
"2026-06-13","115","hi-fi-dental-phoenix-85014-530f382","Hi-Fi Dental","Phoenix","Health And Care","claim-and-verify","45","Invite owner to claim listing and submit proof packet.","(602) 242-5445","",""
"2026-06-14","116","honorhealth-utopia-phoenix-85027-424735f","HonorHealth - Utopia","Phoenix","Health And Care","claim-and-verify","45","Invite owner to claim listing and submit proof packet.","(623) 434-6200","",""
"2026-06-15","117","honorhealth-john-c-lincoln-medical-center-phoenix-85020-119ed95","HonorHealth John C. Lincoln Medical Center","Phoenix","Health And Care","claim-and-verify","45","Invite owner to claim listing and submit proof packet.","(623) 434-6200 Ext.301276","",""
"2026-06-16","118","house-of-miracles-phoenix-85004-617bf08","House of Miracles","Phoenix","Health And Care","claim-and-verify","45","Invite owner to claim listing and submit proof packet.","(602) 488-8880","",""
"2026-06-17","119","instant-care-phoenix-85016-e97bcdc","Instant Care","Phoenix","Health And Care","claim-and-verify","45","Invite owner to claim listing and submit proof packet.","(602) 993-0297","",""
"2026-06-18","120","living-rhythms-healing-arts-phoenix-85028-e3c05f8","Living Rhythms Healing Arts","Phoenix","Health And Care","claim-and-verify","45","Invite owner to claim listing and submit proof packet.","(602) 730-8285","",""
"2026-05-20","121","maricopa-county-medical-society-phoenix-85004-c9ae9c0","Maricopa County Medical Society","Phoenix","Health And Care","claim-and-verify","45","Invite owner to claim listing and submit proof packet.","(602) 209-9867","",""
"2026-05-21","122","mbi-industrial-medicine-phoenix-85019-d253c0d","MBI Industrial Medicine","Phoenix","Health And Care","claim-and-verify","45","Invite owner to claim listing and submit proof packet.","(602) 399-0167","",""
"2026-05-22","123","medaire-an-international-sos-company-phoenix-85016-1af3d02","MedAire, an International SOS Company","Phoenix","Health And Care","claim-and-verify","45","Invite owner to claim listing and submit proof packet.","(480) 333-3700","",""
"2026-05-23","124","accounting-launchpad-phoenix-85016-261fe8f","Accounting Launchpad","Phoenix","Legal And Financial","claim-and-verify","44","Invite owner to claim listing and submit proof packet.","(480) 788-3137","",""
"2026-05-24","125","ad-genius-phoenix-85022-6056b51","Ad Genius","Phoenix","Creative Services","claim-and-verify","44","Invite owner to claim listing and submit proof packet.","(602) 345-1272","",""
"2026-05-25","126","alaskausa-federal-credit-union-phoenix-branch-phoenix-85029-cfdd65b","AlaskaUSA Federal Credit Union - Phoenix Branch","Phoenix","Legal And Financial","claim-and-verify","44","Invite owner to claim listing and submit proof packet.","(602) 338-5832","",""
"2026-05-26","127","arizona-chamber-of-commerce-and-industry-phoenix-85014-a9df964","Arizona Chamber of Commerce & Industry","Phoenix","Local Services","claim-and-verify","44","Invite owner to claim listing and submit proof packet.","(602) 248-9172","",""
"2026-05-27","128","arizona-financial-credit-union-phoenix-85008-21e0e9c","Arizona Financial Credit Union","Phoenix","Legal And Financial","claim-and-verify","44","Invite owner to claim listing and submit proof packet.","(602) 683-1000","",""
"2026-05-28","129","arizona-lobbying-llc-phoenix-85003-df60ce8","Arizona Lobbying, LLC","Phoenix","Local Services","claim-and-verify","44","Invite owner to claim listing and submit proof packet.","(602) 252-5222","",""
"2026-05-29","130","arizona-municipal-water-users-association-phoenix-85012-d2b2385","Arizona Municipal Water Users Association","Phoenix","Local Services","claim-and-verify","44","Invite owner to claim listing and submit proof packet.","(602) 248-8482","",""
"2026-05-30","131","arizona-small-business-association-phoenix-85028-f947b29","Arizona Small Business Association","Phoenix","Local Services","claim-and-verify","44","Invite owner to claim listing and submit proof packet.","(602) 306-4000","",""
"2026-05-31","132","arnold-insurance-phoenix-85028-ce5aba2","Arnold Insurance","Phoenix","Legal And Financial","claim-and-verify","44","Invite owner to claim listing and submit proof packet.","(602) 317-8807","",""
"2026-06-01","133","b3-strategies-llc-phoenix-85006-d05362a","B3 Strategies, LLC","Phoenix","Creative Services","claim-and-verify","44","Invite owner to claim listing and submit proof packet.","(602) 687-9017","",""
"2026-06-02","134","bajrangi-llc-dba-the-ups-store-5340-phoenix-85021-19fc82c","Bajrangi LLC DBA The UPS Store #5340","Phoenix","Business Services","claim-and-verify","44","Invite owner to claim listing and submit proof packet.","(602) 864-3646","",""
"2026-06-03","135","bay-logistics-inc-phoenix-85004-2460fd9","Bay Logistics Inc.","Phoenix","Business Services","claim-and-verify","44","Invite owner to claim listing and submit proof packet.","(616) 432-5499","",""
"2026-06-04","136","better-business-bureau-phoenix-85014-23fbfac","Better Business Bureau","Phoenix","Local Services","claim-and-verify","44","Invite owner to claim listing and submit proof packet.","(602) 264-1721","",""
"2026-06-05","137","biziq-phoenix-85018-45b6038","BizIQ","Phoenix","Creative Services","claim-and-verify","44","Invite owner to claim listing and submit proof packet.","(480) 685-9433","",""
"2026-06-06","138","blue-signal-phoenix-85028-01b6ac5","Blue Signal","Phoenix","Business Services","claim-and-verify","44","Invite owner to claim listing and submit proof packet.","(480) 939-3200","",""
"2026-06-07","139","bugzeye-drone-mapping-and-photography-phoenix-85027-d012936","Bugzeye Drone Mapping and Photography","Phoenix","Creative Services","claim-and-verify","44","Invite owner to claim listing and submit proof packet.","(480) 953-0626","",""
"2026-06-08","140","cantor-law-group-phoenix-85004-ba169e4","Cantor Law Group","Phoenix","Legal And Financial","claim-and-verify","44","Invite owner to claim listing and submit proof packet.","(602) 254-8880","",""
"2026-06-09","141","capitol-consulting-llc-phoenix-85002-a0e0772","Capitol Consulting, LLC","Phoenix","Business Services","claim-and-verify","44","Invite owner to claim listing and submit proof packet.","(602) 712-1121","",""
"2026-06-10","142","casco-financial-group-inc-phoenix-85085-5562e66","CASCO Financial Group, Inc.","Phoenix","Legal And Financial","claim-and-verify","44","Invite owner to claim listing and submit proof packet.","(602) 995-1484","",""
"2026-06-11","143","cla-cliftonlarsonallen-llp-phoenix-85012-5d4cdd3","CLA (CliftonLarsonAllen LLP)","Phoenix","Legal And Financial","claim-and-verify","44","Invite owner to claim listing and submit proof packet.","(602) 266-2248","",""
"2026-06-12","144","cms-companies-phoenix-85009-496a2eb","CMS Companies","Phoenix","Local Services","claim-and-verify","44","Invite owner to claim listing and submit proof packet.","(602) 233-9633","",""
"2026-06-13","145","compass-strategies-public-affairs-phoenix-85007-aa34ffe","Compass Strategies Public Affairs","Phoenix","Local Services","claim-and-verify","44","Invite owner to claim listing and submit proof packet.","(602) 263-0086","",""
"2026-06-14","146","copper-state-credit-union-phoenix-85015-6d2421b","Copper State Credit Union","Phoenix","Legal And Financial","claim-and-verify","44","Invite owner to claim listing and submit proof packet.","(602) 491-0891","",""
"2026-06-15","147","copperpoint-mutual-insurance-co-phoenix-85012-b16e632","CopperPoint Mutual Insurance Co.","Phoenix","Legal And Financial","claim-and-verify","44","Invite owner to claim listing and submit proof packet.","(602) 631-2212","",""
"2026-06-16","148","cox-media-arizona-phoenix-85004-2ad1c84","Cox Media Arizona","Phoenix","Creative Services","claim-and-verify","44","Invite owner to claim listing and submit proof packet.","(623) 328-1800","",""
"2026-06-17","149","daida-intelligence-solutions-phoenix-85016-adc1d25","Daida Intelligence Solutions","Phoenix","Business Services","claim-and-verify","44","Invite owner to claim listing and submit proof packet.","(951) 421-1075","",""
"2026-06-18","150","daystar-design-lab-phoenix-85004-ed47116","Daystar Design Lab","Phoenix","Creative Services","claim-and-verify","44","Invite owner to claim listing and submit proof packet.","(602) 490-0847","",""
"2026-05-20","151","dm-cantor-phoenix-85004-e31cc65","DM Cantor","Phoenix","Legal And Financial","claim-and-verify","44","Invite owner to claim listing and submit proof packet.","(602) 307-0808","",""
"2026-05-21","152","dorn-policy-group-inc-phoenix-85003-0f8ccf7","Dorn Policy Group, Inc.","Phoenix","Creative Services","claim-and-verify","44","Invite owner to claim listing and submit proof packet.","(602) 606-4667","",""
"2026-05-22","153","employee-benefits-international-phoenix-85020-6a42dce","Employee Benefits International","Phoenix","Legal And Financial","claim-and-verify","44","Invite owner to claim listing and submit proof packet.","(602) 800-5070","",""
"2026-05-23","154","fennemore-phoenix-85016-eb81f5b","Fennemore","Phoenix","Legal And Financial","claim-and-verify","44","Invite owner to claim listing and submit proof packet.","(602) 916-5000","",""
"2026-05-24","155","flow-management-devices-phoenix-85040-76c9129","Flow Management Devices","Phoenix","Business Services","claim-and-verify","44","Invite owner to claim listing and submit proof packet.","(602) 581-5092","",""
"2026-05-25","156","form180-phoenix-85016-a439eb0","FORM180","Phoenix","Creative Services","claim-and-verify","44","Invite owner to claim listing and submit proof packet.","(602) 540-9360","",""
"2026-05-26","157","gensler-phoenix-85016-e8728bf","Gensler","Phoenix","Creative Services","claim-and-verify","44","Invite owner to claim listing and submit proof packet.","(602) 523-4900","",""
"2026-05-27","158","goodman-schwartz-public-affairs-phoenix-85012-c418d9a","Goodman Schwartz Public Affairs","Phoenix","Creative Services","claim-and-verify","44","Invite owner to claim listing and submit proof packet.","(602) 277-0911","",""
"2026-05-28","159","grand-canyon-law-group-phoenix-85012-bc5c5c1","Grand Canyon Law Group","Phoenix","Legal And Financial","claim-and-verify","44","Invite owner to claim listing and submit proof packet.","(480) 400-5555","",""
"2026-05-29","160","greater-phoenix-gay-and-lesbian-chamber-of-commerce-phoenix-85001-262e899","Greater Phoenix Gay & Lesbian Chamber of Commerce","Phoenix","Local Services","claim-and-verify","44","Invite owner to claim listing and submit proof packet.","(480) 748-6681","",""
"2026-05-30","161","greenberg-traurig-llp-phoenix-85016-5f86b1d","Greenberg Traurig, LLP","Phoenix","Legal And Financial","claim-and-verify","44","Invite owner to claim listing and submit proof packet.","(602) 445-8000","",""
"2026-05-31","162","groundworks-phoenix-85027-2d09f5d","Groundworks","Phoenix","Local Services","claim-and-verify","44","Invite owner to claim listing and submit proof packet.","(603) 837-5138","",""
"2026-06-01","163","highground-inc-phoenix-85003-25e155f","Highground, Inc.","Phoenix","Creative Services","claim-and-verify","44","Invite owner to claim listing and submit proof packet.","(602) 528-3684","",""
"2026-06-02","164","hirsch-talcott-llc-phoenix-85014-9bea4cf","Hirsch Talcott LLC","Phoenix","Legal And Financial","claim-and-verify","44","Invite owner to claim listing and submit proof packet.","(602) 610-0260","",""
"2026-06-03","165","isaacson-law-firm-p-c-phoenix-85012-64dddca","Isaacson Law Firm, P.C.","Phoenix","Legal And Financial","claim-and-verify","44","Invite owner to claim listing and submit proof packet.","(602) 274-2200","",""
"2026-06-04","166","james-patrick-photography-phoenix-85040-41949b3","James Patrick Photography","Phoenix","Business Services","claim-and-verify","44","Invite owner to claim listing and submit proof packet.","(520) 409-5202","",""
"2026-06-05","167","kandid-clicks-photography-phoenix-85016-142a6ba","Kandid Clicks Photography","Phoenix","Creative Services","claim-and-verify","44","Invite owner to claim listing and submit proof packet.","(602) 818-8791","",""
"2026-06-06","168","lamar-advertising-company-phoenix-85020-055cd5b","Lamar Advertising Company","Phoenix","Creative Services","claim-and-verify","44","Invite owner to claim listing and submit proof packet.","(602) 266-2187","",""
"2026-06-07","169","lamber-goodnow-phoenix-85016-8f1cc83","Lamber Goodnow","Phoenix","Legal And Financial","claim-and-verify","44","Invite owner to claim listing and submit proof packet.","(602) 274-9662","",""
"2026-06-08","170","let-s-get-moving-phoenix-phoenix-85034-0c4621e","Let's Get Moving Phoenix","Phoenix","Local Services","claim-and-verify","44","Invite owner to claim listing and submit proof packet.","(602) 806-7272","",""
"2026-06-09","171","localiq-az-republic-phoenix-85004-496a892","LocaliQ/AZ Republic","Phoenix","Creative Services","claim-and-verify","44","Invite owner to claim listing and submit proof packet.","(602) 444-8000","",""
"2026-06-10","172","lockology-at-35th-avenue-phoenix-85029-139e91f","Lockology at 35th Avenue","Phoenix","Local Services","claim-and-verify","44","Invite owner to claim listing and submit proof packet.","(602) 242-5429","",""
"2026-06-11","173","maricopa-county-workforce-development-board-phoenix-85003-445a288","Maricopa County Workforce Development Board","Phoenix","Local Services","claim-and-verify","44","Invite owner to claim listing and submit proof packet.","(602) 506-0153","",""
"2026-06-12","174","mbps-phoenix-85004-534c364","MBPS","Phoenix","Business Services","claim-and-verify","44","Invite owner to claim listing and submit proof packet.","888-656-MBPS","",""
"2026-06-13","175","mccd-small-business-development-center-phoenix-85034-223045a","MCCD Small Business Development Center","Phoenix","Local Services","claim-and-verify","44","Invite owner to claim listing and submit proof packet.","(480) 784-0590","",""
"2026-06-14","176","mcrae-specialty-services-phoenix-85028-54cf4fe","McRae Specialty Services","Phoenix","Local Services","claim-and-verify","44","Invite owner to claim listing and submit proof packet.","(602) 529-8674","",""
"2026-06-15","177","merger-global-group-llc-phoenix-85016-9e5f2f6","Merger Global Group LLC","Phoenix","Local Services","claim-and-verify","44","Invite owner to claim listing and submit proof packet.","(480) 577-5722","",""
"2026-06-16","178","milligan-lawless-p-c-phoenix-85018-94ab8a4","Milligan Lawless P.C.","Phoenix","Legal And Financial","claim-and-verify","44","Invite owner to claim listing and submit proof packet.","(602) 792-3500","",""
"2026-06-17","179","molera-alvarez-llc-phoenix-85016-03fcfc9","Molera Alvarez, LLC","Phoenix","Business Services","claim-and-verify","44","Invite owner to claim listing and submit proof packet.","(602) 279-9925","",""
"2026-06-18","180","mtc-phoenix-85016-bccd8db","MTC","Phoenix","Business Services","claim-and-verify","44","Invite owner to claim listing and submit proof packet.","(480) 896-2576","",""
"2026-05-20","181","national-technical-institute-phoenix-85040-154cddf","National Technical Institute","Phoenix","Local Services","claim-and-verify","44","Invite owner to claim listing and submit proof packet.","(480) 591-4000","",""
"2026-05-21","182","network-thinking-solutions-phoenix-85016-6d2ff87","Network Thinking Solutions","Phoenix","Business Services","claim-and-verify","44","Invite owner to claim listing and submit proof packet.","(818) 707-7705","",""
"2026-05-22","183","one-community-media-llc-phoenix-85013-f3b28e8","One Community Media, LLC","Phoenix","Creative Services","claim-and-verify","44","Invite owner to claim listing and submit proof packet.","(480) 355-0088","",""
"2026-05-23","184","payroad-inc-phoenix-85016-55c024d","PayRoad Inc.","Phoenix","Local Services","claim-and-verify","44","Invite owner to claim listing and submit proof packet.","(650) 449-4179","",""
"2026-05-24","185","penske-used-truck-center-phoenix-85004-923c61f","Penske Used Truck Center","Phoenix","Business Services","claim-and-verify","44","Invite owner to claim listing and submit proof packet.","(602) 282-1705","",""
"2026-05-25","186","peters-cannata-and-moody-plc-phoenix-85012-5fb0e71","Peters, Cannata & Moody, PLC","Phoenix","Legal And Financial","claim-and-verify","44","Invite owner to claim listing and submit proof packet.","(602) 248-2900","",""
"2026-05-26","187","phoenix-az-ad-agency-phoenix-85012-4fa4c7d","Phoenix AZ Ad Agency","Phoenix","Creative Services","claim-and-verify","44","Invite owner to claim listing and submit proof packet.","(602) 641-8210","",""
"2026-05-27","188","pinnacle-public-affairs-phoenix-85018-d525d0e","Pinnacle Public Affairs","Phoenix","Creative Services","claim-and-verify","44","Invite owner to claim listing and submit proof packet.","(480) 535-3395","",""
"2026-05-28","189","pipeline-media-agency-phoenix-85016-90be219","Pipeline Media Agency","Phoenix","Creative Services","claim-and-verify","44","Invite owner to claim listing and submit proof packet.","(602) 851-1791","",""
"2026-05-29","190","platz-juris-pllc-phoenix-85016-4e77b1f","PLATZ JURIS, PLLC","Phoenix","Legal And Financial","claim-and-verify","44","Invite owner to claim listing and submit proof packet.","(480) 570-8558","",""
"2026-05-30","191","policy-az-llc-phoenix-85020-315362e","Policy AZ, LLC","Phoenix","Creative Services","claim-and-verify","44","Invite owner to claim listing and submit proof packet.","(602) 882-9606","",""
"2026-05-31","192","policy-development-group-inc-phoenix-85012-042d5db","Policy Development Group, Inc.","Phoenix","Business Services","claim-and-verify","44","Invite owner to claim listing and submit proof packet.","(602) 274-4244","",""
"2026-06-01","193","price-4-limo-phoenix-phoenix-85003-3903bb5","Price 4 Limo Phoenix","Phoenix","Business Services","claim-and-verify","44","Invite owner to claim listing and submit proof packet.","(866) 265-5479","",""
"2026-06-02","194","public-policy-partners-phoenix-85003-fbc0311","Public Policy Partners","Phoenix","Business Services","claim-and-verify","44","Invite owner to claim listing and submit proof packet.","(602) 200-6777","",""
"2026-06-03","195","s-c-communications-phoenix-85018-66d126d","S+C Communications","Phoenix","Creative Services","claim-and-verify","44","Invite owner to claim listing and submit proof packet.","(602) 677-5422","",""
"2026-06-04","196","s2rc-phoenix-85028-5cbbb77","S2RC","Phoenix","Creative Services","claim-and-verify","44","Invite owner to claim listing and submit proof packet.","(602) 708-8450","",""
"2026-06-05","197","strategic-impact-partners-phoenix-85007-d6716c2","Strategic Impact Partners","Phoenix","Creative Services","claim-and-verify","44","Invite owner to claim listing and submit proof packet.","(480) 470-3648","",""
"2026-06-06","198","the-dauz-phoenix-85007-35d5566","The Dauz","Phoenix","Creative Services","claim-and-verify","44","Invite owner to claim listing and submit proof packet.","(602) 257-0750","",""
"2026-06-07","199","triadvocates-llc-phoenix-85004-25c34da","Triadvocates LLC","Phoenix","Creative Services","claim-and-verify","44","Invite owner to claim listing and submit proof packet.","(602) 761-2760","",""
"2026-06-08","200","trublue-home-service-ally-of-phoenix-phoenix-85070-5cedd08","TruBlue Home Service Ally of Phoenix","Phoenix","Local Services","claim-and-verify","44","Invite owner to claim listing and submit proof packet.","(602) 818-8566","",""
"2026-06-09","201","veridus-phoenix-85004-f41f053","Veridus","Phoenix","Creative Services","claim-and-verify","44","Invite owner to claim listing and submit proof packet.","(602) 229-1129","",""
"2026-06-10","202","video-west-inc-phoenix-85008-f877579","Video West, Inc.","Phoenix","Creative Services","claim-and-verify","44","Invite owner to claim listing and submit proof packet.","(480) 222-3180","",""
"2026-06-11","203","window-world-of-phoenix-llc-phoenix-85009-82990a7","Window World of Phoenix, LLC","Phoenix","Local Services","claim-and-verify","44","Invite owner to claim listing and submit proof packet.","(602) 535-0180","",""
"2026-06-12","204","a-and-m-mechanical-llc-phoenix-85085-6754dbb","A & M Mechanical, LLC","Phoenix","Home Services","claim-and-verify","43","Invite owner to claim listing and submit proof packet.","(602) 405-8289","",""
"2026-06-13","205","anago-cleaning-systems-of-phoenix-phoenix-85040-831eb3f","Anago Cleaning Systems of Phoenix","Phoenix","Home Services","claim-and-verify","43","Invite owner to claim listing and submit proof packet.","(602) 926-7991","",""
"2026-06-14","206","anchored-solutions-residential-construction-phoenix-85018-55784de","Anchored Solutions Residential Construction","Phoenix","Home Services","claim-and-verify","43","Invite owner to claim listing and submit proof packet.","(425) 418-7477","",""
"2026-06-15","207","cardinal-wholesale-cabinets-phoenix-85040-00439f7","Cardinal Wholesale Cabinets","Phoenix","Home Services","claim-and-verify","43","Invite owner to claim listing and submit proof packet.","(602) 296-5648","",""
"2026-06-16","208","castile-roofing-phoenix-85015-49bcdd9","Castile Roofing","Phoenix","Home Services","claim-and-verify","43","Invite owner to claim listing and submit proof packet.","(602) 687-7282","",""
"2026-06-17","209","compass-canyon-builders-phoenix-85018-02970f7","Compass Canyon Builders","Phoenix","Home Services","claim-and-verify","43","Invite owner to claim listing and submit proof packet.","(602) 888-0983","",""
"2026-06-18","210","elite-rooter-phoenix-85004-60f1173","Elite Rooter","Phoenix","Home Services","claim-and-verify","43","Invite owner to claim listing and submit proof packet.","(623) 469-4660","",""
"2026-05-20","211","kitchell-corp-phoenix-85016-1ebb247","Kitchell Corp.","Phoenix","Home Services","claim-and-verify","43","Invite owner to claim listing and submit proof packet.","(602) 264-4411","",""
"2026-05-21","212","mccarthy-building-companies-inc-phoenix-85016-50b3c97","McCarthy Building Companies, Inc.","Phoenix","Home Services","claim-and-verify","43","Invite owner to claim listing and submit proof packet.","(480) 449-4700","",""
"2026-05-22","213","qdi-quarries-direct-international-llc-phoenix-85009-95f1d7c","QDI - Quarries Direct International, LLC","Phoenix","Home Services","claim-and-verify","43","Invite owner to claim listing and submit proof packet.","(602) 269-7900","",""
"2026-05-23","214","sa-recycling-phoenix-85009-57ce81c","SA Recycling","Phoenix","Home Services","claim-and-verify","43","Invite owner to claim listing and submit proof packet.","(602) 447-3000","",""
"2026-05-24","215","servpro-of-phoenix-phoenix-85034-e69aa6c","Servpro of Phoenix","Phoenix","Home Services","claim-and-verify","43","Invite owner to claim listing and submit proof packet.","(480) 503-2090","",""
"2026-05-25","216","shin-etsu-microsi-phoenix-85044-760a25a","Shin-Etsu MicroSi","Phoenix","Home Services","claim-and-verify","43","Invite owner to claim listing and submit proof packet.","(480) 893-8898","",""
"2026-05-26","217","the-green-room-landscape-architecture-phoenix-85012-b232df5","The Green Room Landscape Architecture","Phoenix","Home Services","claim-and-verify","43","Invite owner to claim listing and submit proof packet.","(480) 795-4754","",""
"2026-05-27","218","agave-home-loans-phoenix-85044-c305701","Agave Home Loans","Phoenix","Real Estate And Property","claim-and-verify","42","Invite owner to claim listing and submit proof packet.","(602) 325-5400","",""
"2026-05-28","219","american-asphalt-paving-and-sealcoating-inc-phoenix-85007-73983ca","American Asphalt Paving & Sealcoating, Inc.","Phoenix","Real Estate And Property","claim-and-verify","42","Invite owner to claim listing and submit proof packet.","(602) 256-7376","",""
"2026-05-29","220","amsafe-inc-phoenix-85043-0945fb1","Amsafe Inc.","Phoenix","Auto Services","claim-and-verify","42","Invite owner to claim listing and submit proof packet.","(602) 850-2850","",""
"2026-05-30","221","arizona-escrow-and-financial-corporation-phoenix-85016-dbcdef8","Arizona Escrow & Financial Corporation","Phoenix","Real Estate And Property","claim-and-verify","42","Invite owner to claim listing and submit proof packet.","(602) 956-2629","",""
"2026-05-31","222","arizona-hispanic-chamber-of-commerce-phoenix-85014-d845ef1","Arizona Hispanic Chamber of Commerce","Phoenix","Beauty And Wellness","claim-and-verify","42","Invite owner to claim listing and submit proof packet.","(602) 279-1800","",""
"2026-06-01","223","arizona-self-insurers-association-scottsdale-85251-5c4395d","Arizona Self-Insurers Association","Scottsdale","Legal And Financial","claim-and-verify","42","Invite owner to claim listing and submit proof packet.","(480) 706-5762","",""
"2026-06-02","224","arizona-tooling-and-machining-association-scottsdale-85271-7da3a46","Arizona Tooling & Machining Association","Scottsdale","Local Services","claim-and-verify","42","Invite owner to claim listing and submit proof packet.","(602) 510-7219","",""
"2026-06-03","225","ashley-karn-the-karn-group-at-barrett-real-estate-scottsdale-85260-488dc57","Ashley Karn, The Karn Group at Barrett Real Estate","Scottsdale","Real Estate And Property","claim-and-verify","42","Invite owner to claim listing and submit proof packet.","(480) 433-9405","",""
"2026-06-04","226","athletic-republic-north-phoenix-phoenix-85050-33fb776","Athletic Republic North Phoenix","Phoenix","Beauty And Wellness","claim-and-verify","42","Invite owner to claim listing and submit proof packet.","(614) 735-0227","",""
"2026-06-05","227","atlas-cpas-and-advisors-pllc-scottsdale-85254-4b7ba2c","ATLAS CPAs & Advisors PLLC","Scottsdale","Legal And Financial","claim-and-verify","42","Invite owner to claim listing and submit proof packet.","(480) 483-1600","",""
"2026-06-06","228","ave-phoenix-terra-phoenix-85003-c617df6","AVE Phoenix Terra","Phoenix","Real Estate And Property","claim-and-verify","42","Invite owner to claim listing and submit proof packet.","(602) 836-4680","",""
"2026-06-07","229","backyard-desert-ridge-phoenix-85050-cbf70eb","Backyard Desert Ridge","Phoenix","Food And Events","claim-and-verify","42","Invite owner to claim listing and submit proof packet.","(480) 585-5900","",""
"2026-06-08","230","barr-associates-llc-damien-barr-allstate-agency-scottsdale-85258-927e7ca","Barr Associates LLC (Damien Barr Allstate Agency)","Scottsdale","Legal And Financial","claim-and-verify","42","Invite owner to claim listing and submit proof packet.","(480) 922-8820","",""
"2026-06-09","231","bestfit-water-scottsdale-85250-83e2be7","BestFit Water","Scottsdale","Local Services","claim-and-verify","42","Invite owner to claim listing and submit proof packet.","(480) 213-8736","",""
"2026-06-10","232","black-rifle-coffee-company-phoenix-85018-015fd5d","Black Rifle Coffee Company","Phoenix","Food And Events","claim-and-verify","42","Invite owner to claim listing and submit proof packet.","(210) 891-0385","",""
"2026-06-11","233","boot-barn-phoenix-85029-c456012","Boot Barn","Phoenix","Retail And Specialty","claim-and-verify","42","Invite owner to claim listing and submit proof packet.","(602) 878-5590","",""
"2026-06-12","234","brooks-realty-and-advisory-group-inc-scottsdale-85258-8d64afa","Brooks Realty & Advisory Group, Inc.","Scottsdale","Real Estate And Property","claim-and-verify","42","Invite owner to claim listing and submit proof packet.","(602) 264-1565","",""
"2026-06-13","235","cec-facilities-phoenix-85040-ce6d7e5","CEC Facilities","Phoenix","Real Estate And Property","claim-and-verify","42","Invite owner to claim listing and submit proof packet.","(817) 734-0040","",""
"2026-06-14","236","chapman-bmw-on-camelback-phoenix-85014-5867481","Chapman BMW on Camelback","Phoenix","Auto Services","claim-and-verify","42","Invite owner to claim listing and submit proof packet.","(602) 308-4269","",""
"2026-06-15","237","cintas-corporation-phoenix-85043-5ee9d83","Cintas Corporation","Phoenix","Retail And Specialty","claim-and-verify","42","Invite owner to claim listing and submit proof packet.","(480) 528-5329","",""
"2026-06-16","238","cmit-solutions-of-the-northeast-valley-scottsdale-85260-57a84d2","CMIT Solutions of the Northeast Valley","Scottsdale","Local Services","claim-and-verify","42","Invite owner to claim listing and submit proof packet.","(480) 419-3931","",""
"2026-06-17","239","command-credit-corp-scottsdale-85254-d9accfb","Command Credit Corp","Scottsdale","Legal And Financial","claim-and-verify","42","Invite owner to claim listing and submit proof packet.","(800) 676-9705","",""
"2026-06-18","240","core-security-services-inc-scottsdale-85253-c690346","Core Security Services, Inc.","Scottsdale","Business Services","claim-and-verify","42","Invite owner to claim listing and submit proof packet.","(844) 250-2073","",""
"2026-05-20","241","crosscountry-mortgage-the-araiza-team-scottsdale-85260-3882d9d","CrossCountry Mortgage- The Araiza Team","Scottsdale","Real Estate And Property","claim-and-verify","42","Invite owner to claim listing and submit proof packet.","(602) 334-7871","",""
"2026-05-21","242","crossroads-courier-phoenix-85034-55422e4","Crossroads Courier","Phoenix","Food And Events","claim-and-verify","42","Invite owner to claim listing and submit proof packet.","(480) 927-1818","",""
"2026-05-22","243","desert-fleet-outfitters-llc-phoenix-85040-c1e8ff4","Desert Fleet Outfitters, LLC","Phoenix","Real Estate And Property","claim-and-verify","42","Invite owner to claim listing and submit proof packet.","(480) 295-1676","",""
"2026-05-23","244","dexter-distributing-phoenix-85034-f641478","Dexter Distributing","Phoenix","Retail And Specialty","claim-and-verify","42","Invite owner to claim listing and submit proof packet.","(480) 921-1005","",""
"2026-05-24","245","discover-strength-arcadia-phoenix-85018-b6cfd96","Discover Strength Arcadia","Phoenix","Beauty And Wellness","claim-and-verify","42","Invite owner to claim listing and submit proof packet.","(520) 979-3303","",""
"2026-05-25","246","dog-haus-biergarten-downtown-phoenix-phoenix-85004-7d8b77d","Dog Haus Biergarten Downtown Phoenix","Phoenix","Food And Events","claim-and-verify","42","Invite owner to claim listing and submit proof packet.","(480) 910-5430","",""
"2026-05-26","247","dr-win-realty-llc-phoenix-85016-4b54d34","Dr. Win Realty LLC.","Phoenix","Real Estate And Property","claim-and-verify","42","Invite owner to claim listing and submit proof packet.","(480) 696-9886","",""
"2026-05-27","248","driftwoods-sports-grill-phoenix-85020-66a7c68","Driftwoods Sports Grill","Phoenix","Food And Events","claim-and-verify","42","Invite owner to claim listing and submit proof packet.","(480) 393-3261","",""
"2026-05-28","249","drinique-phoenix-restaurant-food-service-419ae8c","Drinique","Phoenix","Food And Events","claim-and-verify","42","Invite owner to claim listing and submit proof packet.","(480) 688-6934","",""
"2026-05-29","250","drive-it-pro-phoenix-85009-894cc09","Drive It Pro","Phoenix","Auto Services","claim-and-verify","42","Invite owner to claim listing and submit proof packet.","(602) 222-9619","",""
"2026-05-30","251","elite-windows-and-doors-scottsdale-85260-0612469","Elite Windows and Doors","Scottsdale","Local Services","claim-and-verify","42","Invite owner to claim listing and submit proof packet.","(480) 264-5409","",""
"2026-05-31","252","eos-worldwide-rick-benton-scottsdale-85254-4127e72","EOS Worldwide - Rick Benton","Scottsdale","Local Services","claim-and-verify","42","Invite owner to claim listing and submit proof packet.","(248) 867-9550","",""
"2026-06-01","253","fabulous-food-phoenix-85034-511b7c7","Fabulous Food","Phoenix","Food And Events","claim-and-verify","42","Invite owner to claim listing and submit proof packet.","(602) 267-1818","",""
"2026-06-02","254","firestone-complete-auto-care-phoenix-85027-99b80e9","Firestone Complete Auto Care","Phoenix","Auto Services","claim-and-verify","42","Invite owner to claim listing and submit proof packet.","(623) 582-5626","",""
"2026-06-03","255","foster-fuels-inc-phoenix-85043-79a2146","Foster Fuels Inc.","Phoenix","Auto Services","claim-and-verify","42","Invite owner to claim listing and submit proof packet.","(800) 344-6457","",""
"2026-06-04","256","gatsby-glass-of-scottsdale-scottsdale-85260-49e9868","Gatsby Glass of Scottsdale","Scottsdale","Local Services","claim-and-verify","42","Invite owner to claim listing and submit proof packet.","(480) 780-1000","",""
"2026-06-05","257","gh2-architects-scottsdale-85257-eeff160","GH2 Architects","Scottsdale","Local Services","claim-and-verify","42","Invite owner to claim listing and submit proof packet.","(480) 699-1945","",""
"2026-06-06","258","good-golly-garage-doors-phoenix-85050-df5a0e8","Good Golly Garage Doors","Phoenix","Auto Services","claim-and-verify","42","Invite owner to claim listing and submit proof packet.","(602) 887-4002","",""
"2026-06-07","259","gordon-biersch-glendale-glendale-85305-7e894e7","Gordon Biersch - Glendale","Glendale","Food And Events","claim-and-verify","42","Invite owner to claim listing and submit proof packet.","(623) 877-4300","",""
"2026-06-08","260","gordon-biersch-scottsdale-phoenix-85054-eb20f45","Gordon Biersch - Scottsdale","Phoenix","Food And Events","claim-and-verify","42","Invite owner to claim listing and submit proof packet.","(480) 342-9860","",""
"2026-06-09","261","gracie-jiu-jitsu-phoenix-phoenix-85024-7326054","Gracie Jiu-Jitsu Phoenix","Phoenix","Beauty And Wellness","claim-and-verify","42","Invite owner to claim listing and submit proof packet.","(480) 339-9019","",""
"2026-06-10","262","hand-and-stone-massage-and-facial-spa-phoenix-avondale-phoenix-85037-7b32759","Hand & Stone Massage and Facial Spa Phoenix-Avondale","Phoenix","Beauty And Wellness","claim-and-verify","42","Invite owner to claim listing and submit proof packet.","(623) 337-1624","",""
"2026-06-11","263","hartstone-logistics-llc-scottsdale-85251-e959f1e","HartStone Logistics LLC.","Scottsdale","Business Services","claim-and-verify","42","Invite owner to claim listing and submit proof packet.","(480) 480-6844","",""
"2026-06-12","264","hrr-team-real-estate-phoenix-85023-6cf0f64","HRR Team Real Estate","Phoenix","Real Estate And Property","claim-and-verify","42","Invite owner to claim listing and submit proof packet.","(623) 666-5953","",""
"2026-06-13","265","indy-by-industrious-phoenix-85004-c24b4e1","Indy by Industrious","Phoenix","Beauty And Wellness","claim-and-verify","42","Invite owner to claim listing and submit proof packet.","(480) 530-6227","",""
"2026-06-14","266","inner-balance-yoga-phoenix-85006-39262d9","Inner Balance Yoga","Phoenix","Beauty And Wellness","claim-and-verify","42","Invite owner to claim listing and submit proof packet.","(480) 828-1430","",""
"2026-06-15","267","integrated-axis-technology-group-inc-scottsdale-85260-3a2c047","Integrated Axis Technology Group, Inc","Scottsdale","Business Services","claim-and-verify","42","Invite owner to claim listing and submit proof packet.","(602) 577-3033","",""
"2026-06-16","268","kutak-rock-llp-scottsdale-85253-00c0044","Kutak Rock LLP","Scottsdale","Legal And Financial","claim-and-verify","42","Invite owner to claim listing and submit proof packet.","(480) 429-5000","",""
"2026-06-17","269","laurel-tree-at-northern-phoenix-85021-f8b196e","Laurel Tree at Northern","Phoenix","Real Estate And Property","claim-and-verify","42","Invite owner to claim listing and submit proof packet.","(480) 506-8611","",""
"2026-06-18","270","law-bear-auto-accident-attorneys-phoenix-85016-111162c","Law Bear Auto Accident Attorneys","Phoenix","Auto Services","claim-and-verify","42","Invite owner to claim listing and submit proof packet.","(832) 274-4228","",""
"2026-05-20","271","ldh-consulting-scottsdale-business-professional-services-f5a918c","LDH Consulting","Scottsdale","Business Services","claim-and-verify","42","Invite owner to claim listing and submit proof packet.","(480) 205-6195","",""
"2026-05-21","272","lucid-private-offices-phoenix-85016-277ce05","Lucid Private Offices","Phoenix","Beauty And Wellness","claim-and-verify","42","Invite owner to claim listing and submit proof packet.","(602) 847-9835","",""
"2026-05-22","273","mark-taylor-residential-scottsdale-85251-401ed3e","Mark-Taylor Residential","Scottsdale","Real Estate And Property","claim-and-verify","42","Invite owner to claim listing and submit proof packet.","(480) 991-9111","",""
"2026-05-23","274","metromerch-phx-phoenix-85051-fc83f78","MetroMerch Phx","Phoenix","Retail And Specialty","claim-and-verify","42","Invite owner to claim listing and submit proof packet.","(323) 825-9815","",""
"2026-05-24","275","milano-nail-spa-madison-village-llc-phoenix-85020-e20bbbe","Milano Nail Spa Madison Village LLC.","Phoenix","Beauty And Wellness","claim-and-verify","42","Invite owner to claim listing and submit proof packet.","(602) 334-1051","",""
"2026-05-25","276","moon-valley-nursery-scottsdale-85260-59a9ca0","Moon Valley Nursery","Scottsdale","Local Services","claim-and-verify","42","Invite owner to claim listing and submit proof packet.","(480) 374-3964","",""
"2026-05-26","277","nothing-bundt-cakes-phoenix-85042-1386855","Nothing Bundt Cakes","Phoenix","Food And Events","claim-and-verify","42","Invite owner to claim listing and submit proof packet.","(915) 309-6922","",""
"2026-05-27","278","one-stop-auto-body-and-paint-phoenix-85027-2a50d90","One Stop Auto Body & Paint","Phoenix","Auto Services","claim-and-verify","42","Invite owner to claim listing and submit proof packet.","(602) 944-0880","",""
"2026-05-28","279","pacific-office-automation-phoenix-85008-01313eb","Pacific Office Automation","Phoenix","Auto Services","claim-and-verify","42","Invite owner to claim listing and submit proof packet.","(480) 305-5500","",""
"2026-05-29","280","phoenix-pawn-and-gold-phoenix-85009-cc4d93c","Phoenix Pawn and Gold","Phoenix","Retail And Specialty","claim-and-verify","42","Invite owner to claim listing and submit proof packet.","(602) 272-3449","",""
"2026-05-30","281","phoenix-realtors-phoenix-85020-6aeca57","Phoenix REALTORS","Phoenix","Real Estate And Property","claim-and-verify","42","Invite owner to claim listing and submit proof packet.","(602) 246-1012","",""
"2026-05-31","282","pinnacle-business-solutions-scottsdale-85255-9cc79f2","Pinnacle Business Solutions","Scottsdale","Local Services","claim-and-verify","42","Invite owner to claim listing and submit proof packet.","(480) 980-3977","",""
"2026-06-01","283","quantum-qarat-phoenix-85016-634059c","Quantum Qarat","Phoenix","Retail And Specialty","claim-and-verify","42","Invite owner to claim listing and submit proof packet.","(480) 221-5194","",""
"2026-06-02","284","schmitt-jewelers-phoenix-85018-6eccca7","Schmitt Jewelers","Phoenix","Retail And Specialty","claim-and-verify","42","Invite owner to claim listing and submit proof packet.","(602) 840-1144","",""
"2026-06-03","285","scott-s-automotive-phoenix-85014-5c5fdee","Scott's Automotive","Phoenix","Auto Services","claim-and-verify","42","Invite owner to claim listing and submit proof packet.","(602) 237-5237","",""
"2026-06-04","286","supreme-comfort-phoenix-85034-b8e4c1b","Supreme Comfort","Phoenix","Retail And Specialty","claim-and-verify","42","Invite owner to claim listing and submit proof packet.","(623) 281-0621","",""
"2026-06-05","287","the-old-spaghetti-factory-phoenix-85004-90dbe20","The Old Spaghetti Factory","Phoenix","Food And Events","claim-and-verify","42","Invite owner to claim listing and submit proof packet.","(602) 257-0380","",""
"2026-06-06","288","the-village-health-clubs-and-spas-camelback-phoenix-85018-38c7b54","The Village Health Clubs & Spas - Camelback","Phoenix","Beauty And Wellness","claim-and-verify","42","Invite owner to claim listing and submit proof packet.","(602) 840-6412","",""
"2026-06-07","289","trudoor-doors-and-hardware-phoenix-85043-7c462c9","Trudoor - Doors & Hardware","Phoenix","Retail And Specialty","claim-and-verify","42","Invite owner to claim listing and submit proof packet.","(623) 748-9122","",""
"2026-06-08","290","val-u-chem-phoenix-85034-9b198f9","Val-U-Chem","Phoenix","Retail And Specialty","claim-and-verify","42","Invite owner to claim listing and submit proof packet.","(602) 957-2808","",""
"2026-06-09","291","wss-phoenix-85013-2cef642","WSS","Phoenix","Retail And Specialty","claim-and-verify","42","Invite owner to claim listing and submit proof packet.","(623) 281-0618","",""
"2026-06-10","292","a-z-air-duct-tempe-85282-5668e9d","A-Z Air Duct","Tempe","Home Services","claim-and-verify","41","Invite owner to claim listing and submit proof packet.","(602) 466-2234","",""
"2026-06-11","293","ait-promotions-glendale-85304-85ee3b9","AIT Promotions","Glendale","Local Services","claim-and-verify","41","Invite owner to claim listing and submit proof packet.","(602) 978-2791","",""
"2026-06-12","294","aker-ink-pr-and-marketing-scottsdale-85016-5221eb1","Aker Ink PR & Marketing","Scottsdale","Creative Services","claim-and-verify","41","Invite owner to claim listing and submit proof packet.","(480) 269-2291","",""
"2026-06-13","295","alaskausa-federal-credit-union-tempe-branch-tempe-85282-5bc84aa","AlaskaUSA Federal Credit Union - Tempe Branch","Tempe","Legal And Financial","claim-and-verify","41","Invite owner to claim listing and submit proof packet.","(602) 338-5841","",""
"2026-06-14","296","all-city-towing-tempe-85281-c1a23d8","All City Towing","Tempe","Auto Services","claim-and-verify","41","Invite owner to claim listing and submit proof packet.","(480) 833-7278","",""
"2026-06-15","297","alma-school-pawn-and-gold-mesa-85210-2364e7a","Alma School Pawn and Gold","Mesa","Retail And Specialty","claim-and-verify","41","Invite owner to claim listing and submit proof packet.","(480) 644-7932","",""
"2026-06-16","298","arizona-balloon-company-glendale-85306-d6013bf","Arizona Balloon Company","Glendale","Creative Services","claim-and-verify","41","Invite owner to claim listing and submit proof packet.","(602) 938-3550","",""
"2026-06-17","299","arizona-bioindustry-association-azbio-chandler-85226-d7f7526","Arizona Bioindustry Association (AZBio)","Chandler","Health And Care","claim-and-verify","41","Invite owner to claim listing and submit proof packet.","(480) 779-8101","",""
"2026-06-18","300","arizona-complete-health-tempe-85281-ade1efa","Arizona Complete Health","Tempe","Health And Care","claim-and-verify","41","Invite owner to claim listing and submit proof packet.","(480) 567-9083 ext. 26883","",""
"2026-05-20","301","arizona-private-school-association-scottsdale-85260-6216236","Arizona Private School Association","Scottsdale","Education And Childcare","claim-and-verify","41","Invite owner to claim listing and submit proof packet.","(602) 254-5199","",""
"2026-05-21","302","atlas-capital-llc-paradise-valley-85253-5876a84","Atlas Capital, LLC","Paradise Valley","Legal And Financial","claim-and-verify","41","Invite owner to claim listing and submit proof packet.","(480) 499-4444","",""
"2026-05-22","303","atlas-residential-llc-paradise-valley-85253-f932414","Atlas Residential, LLC","Paradise Valley","Real Estate And Property","claim-and-verify","41","Invite owner to claim listing and submit proof packet.","(602) 903-7286","",""
"2026-05-23","304","az-policy-connect-scottsdale-85258-c34fd08","AZ Policy Connect","Scottsdale","Creative Services","claim-and-verify","41","Invite owner to claim listing and submit proof packet.","(602) 428-6644","",""
"2026-05-24","305","az-pressure-wash-and-windows-scottsdale-85254-0ae8431","Az Pressure Wash and Windows","Scottsdale","Auto Services","claim-and-verify","41","Invite owner to claim listing and submit proof packet.","(480) 658-3605","",""
"2026-05-25","306","b-and-b-pawn-and-gold-mesa-85023-5244f4c","B and B Pawn and Gold","Mesa","Retail And Specialty","claim-and-verify","41","Invite owner to claim listing and submit proof packet.","(480) 610-1240","",""
"2026-05-26","307","benchmark-tempe-85281-3a6afc2","Benchmark","Tempe","Local Services","claim-and-verify","41","Invite owner to claim listing and submit proof packet.","(623) 300-7000","",""
"2026-05-27","308","benhd-llc-paradise-valley-85253-3b0c453","BenHD, LLC","Paradise Valley","Creative Services","claim-and-verify","41","Invite owner to claim listing and submit proof packet.","(480) 221-3377","",""
"2026-05-28","309","bob-allen-aflac-glendale-85383-2dc12c2","Bob Allen-Aflac","Glendale","Legal And Financial","claim-and-verify","41","Invite owner to claim listing and submit proof packet.","(219) 776-5449","",""
"2026-05-29","310","brad-siok-state-farm-agent-peoria-85382-f50a1cf","Brad Siok-State Farm Agent","Peoria","Legal And Financial","claim-and-verify","41","Invite owner to claim listing and submit proof packet.","(623) 566-6405","",""
"2026-05-30","311","center-for-the-future-of-arizona-arizona-state-university-phoenix-85004-3f78a13","Center for the Future of Arizona, Arizona State University","Phoenix","Education And Childcare","claim-and-verify","41","Invite owner to claim listing and submit proof packet.","(602) 496-1360","",""
"2026-05-31","312","coding-in-color-avondale-85323-66b60a8","Coding in Color","Avondale","Business Services","claim-and-verify","41","Invite owner to claim listing and submit proof packet.","(602) 516-8317","",""
"2026-06-01","313","comfort-systems-usa-southwest-inc-chandler-85226-f35c66c","Comfort Systems USA Southwest, Inc.","Chandler","Home Services","claim-and-verify","41","Invite owner to claim listing and submit proof packet.","(480) 940-8400","",""
"2026-06-02","314","concord-general-contracting-mesa-85202-4267377","Concord General Contracting","Mesa","Real Estate And Property","claim-and-verify","41","Invite owner to claim listing and submit proof packet.","(480) 962-8080","",""
"2026-06-03","315","desert-vista-eye-specialists-scottsdale-scottsdale-85260-fe3acb6","Desert Vista Eye Specialists-Scottsdale","Scottsdale","Health And Care","claim-and-verify","41","Invite owner to claim listing and submit proof packet.","(480) 483-0711","",""
"2026-06-04","316","devoted-guardians-home-care-and-homehealth-tempe-85284-5df8f8b","Devoted Guardians Home Care & Homehealth","Tempe","Health And Care","claim-and-verify","41","Invite owner to claim listing and submit proof packet.","(480) 999-3012","",""
"2026-06-05","317","floor-daddy-tempe-85282-762f691","Floor Daddy","Tempe","Home Services","claim-and-verify","41","Invite owner to claim listing and submit proof packet.","(602) 313-3000","",""
"2026-06-06","318","gus-brothers-construction-scottsdale-85252-8a35331","Gus Brothers Construction","Scottsdale","Home Services","claim-and-verify","41","Invite owner to claim listing and submit proof packet.","(480) 766-0996","",""
"2026-06-07","319","horizon-safety-training-llc-tempe-85283-46a33a7","Horizon Safety Training, LLC","Tempe","Local Services","claim-and-verify","41","Invite owner to claim listing and submit proof packet.","(623) 748-8239","",""
"2026-06-08","320","idm-companies-scottsdale-85253-2ccb425","IDM Companies","Scottsdale","Home Services","claim-and-verify","41","Invite owner to claim listing and submit proof packet.","(480) 977-3477","",""
"2026-06-09","321","kary-environmental-services-mesa-85210-f67bfa0","Kary Environmental Services","Mesa","Local Services","claim-and-verify","41","Invite owner to claim listing and submit proof packet.","(480) 945-0009","",""
"2026-06-10","322","kp-staffing-peoria-85382-433f2cf","KP Staffing","Peoria","Business Services","claim-and-verify","41","Invite owner to claim listing and submit proof packet.","(623) 755-6619","",""
"2026-06-11","323","lemonds-aveda-salon-spa-litchfield-park-85340-4966a5f","LeMonds Aveda Salon - Spa","Litchfield Park","Beauty And Wellness","claim-and-verify","41","Invite owner to claim listing and submit proof packet.","(623) 535-4967","",""
"2026-06-12","324","litchfield-s-at-wigwam-arizona-litchfield-park-85340-7582d79","Litchfield's at Wigwam Arizona","Litchfield Park","Food And Events","claim-and-verify","41","Invite owner to claim listing and submit proof packet.","(623) 935-3811","",""
"2026-06-13","325","looking-forward-consulting-goodyear-85395-a814b0d","Looking Forward Consulting","Goodyear","Business Services","claim-and-verify","41","Invite owner to claim listing and submit proof packet.","(503) 490-7166","",""
"2026-06-14","326","lucid-private-offices-scottsdale-old-town-scottsdale-85251-5309fdb","Lucid Private Offices-Scottsdale/Old Town","Scottsdale","Auto Services","claim-and-verify","41","Invite owner to claim listing and submit proof packet.","(480) 780-1507","",""
"2026-06-15","327","lunar-pest-control-chandler-85224-60909db","Lunar Pest Control","Chandler","Home Services","claim-and-verify","41","Invite owner to claim listing and submit proof packet.","(480) 864-2728","",""
"2026-06-16","328","manheim-phoenix-tolleson-85353-891f002","Manheim Phoenix","Tolleson","Auto Services","claim-and-verify","41","Invite owner to claim listing and submit proof packet.","(623) 907-7000","",""
"2026-06-17","329","new-frontier-immigration-law-glendale-85301-6f82118","New Frontier Immigration Law","Glendale","Legal And Financial","claim-and-verify","41","Invite owner to claim listing and submit proof packet.","(623) 742-5400","",""
"2026-06-18","330","nuvodia-chandler-85226-207c985","Nuvodia","Chandler","Business Services","claim-and-verify","41","Invite owner to claim listing and submit proof packet.","(480) 469-8899","",""
"2026-05-20","331","oasis-senior-advisors-buckeye-85396-2ee1b8d","Oasis Senior Advisors","Buckeye","Local Services","claim-and-verify","41","Invite owner to claim listing and submit proof packet.","(602) 562-6050","",""
"2026-05-21","332","paragon-pro-rentals-buckeye-85326-2c34959","Paragon Pro Rentals","Buckeye","Real Estate And Property","claim-and-verify","41","Invite owner to claim listing and submit proof packet.","(833) 404-7368","",""
"2026-05-22","333","premier-expeditors-inc-mesa-85206-4ad138c","Premier Expeditors Inc","Mesa","Business Services","claim-and-verify","41","Invite owner to claim listing and submit proof packet.","(623) 866-8434","",""
"2026-05-23","334","scott-s-automotive-of-north-peoria-peoria-85016-dec95df","Scott's Automotive of North Peoria","Peoria","Auto Services","claim-and-verify","41","Invite owner to claim listing and submit proof packet.","(623) 933-5454","",""
"2026-05-24","335","the-mcrae-agency-paradise-valley-85253-94595ba","The McRae Agency","Paradise Valley","Creative Services","claim-and-verify","41","Invite owner to claim listing and submit proof packet.","(602) 330-1996","",""
"2026-05-25","336","triyoung-inc-peoria-85381-ab239de","TriYoung, Inc.","Peoria","Business Services","claim-and-verify","41","Invite owner to claim listing and submit proof packet.","(602) 424-1703","",""
"2026-05-26","337","west-valley-pawn-and-gold-avondale-85323-968d882","West Valley Pawn and Gold","Avondale","Retail And Specialty","claim-and-verify","41","Invite owner to claim listing and submit proof packet.","(623) 932-9364","",""
"2026-05-27","338","zest-plumbing-and-drain-scottsdale-85260-b72858f","Zest Plumbing & Drain","Scottsdale","Home Services","claim-and-verify","41","Invite owner to claim listing and submit proof packet.","(480) 618-1750","",""
"2026-05-28","339","national-kidney-foundation-of-arizona-phoenix-healthcare-wellness-9421e49","National Kidney Foundation of Arizona","Phoenix","Health And Care","needs-contact-enrichment","20","Find direct owner contact before AE outreach.","","",""
